[{"model": "contenttypes.contenttype", "pk": 1, "fields": {"app_label": "admin", "model": "logentry"}}, {"model": "contenttypes.contenttype", "pk": 2, "fields": {"app_label": "auth", "model": "permission"}}, {"model": "contenttypes.contenttype", "pk": 3, "fields": {"app_label": "auth", "model": "group"}}, {"model": "contenttypes.contenttype", "pk": 4, "fields": {"app_label": "contenttypes", "model": "contenttype"}}, {"model": "contenttypes.contenttype", "pk": 5, "fields": {"app_label": "sessions", "model": "session"}}, {"model": "contenttypes.contenttype", "pk": 6, "fields": {"app_label": "user_app", "model": "user"}}, {"model": "contenttypes.contenttype", "pk": 7, "fields": {"app_label": "user_app", "model": "provider"}}, {"model": "contenttypes.contenttype", "pk": 8, "fields": {"app_label": "user_app", "model": "employee"}}, {"model": "contenttypes.contenttype", "pk": 9, "fields": {"app_label": "user_app", "model": "client"}}, {"model": "contenttypes.contenttype", "pk": 10, "fields": {"app_label": "user_app", "model": "adviser"}}, {"model": "contenttypes.contenttype", "pk": 11, "fields": {"app_label": "product_app", "model": "category"}}, {"model": "contenttypes.contenttype", "pk": 12, "fields": {"app_label": "product_app", "model": "product"}}, {"model": "contenttypes.contenttype", "pk": 13, "fields": {"app_label": "product_app", "model": "quote"}}, {"model": "contenttypes.contenttype", "pk": 14, "fields": {"app_label": "product_app", "model": "image"}}, {"model": "contenttypes.contenttype", "pk": 15, "fields": {"app_label": "invoice_app", "model": "invoice"}}, {"model": "contenttypes.contenttype", "pk": 16, "fields": {"app_label": "invoice_app", "model": "sale"}}, {"model": "contenttypes.contenttype", "pk": 17, "fields": {"app_label": "invoice_app", "model": "payment"}}, {"model": "contenttypes.contenttype", "pk": 18, "fields": {"app_label": "invoice_app", "model": "detail"}}, {"model": "contenttypes.contenttype", "pk": 19, "fields": {"app_label": "invoice_app", "model": "buy"}}, {"model": "contenttypes.contenttype", "pk": 20, "fields": {"app_label": "knox", "model": "authtoken"}}, {"model": "contenttypes.contenttype", "pk": 21, "fields": {"app_label": "product_app", "model": "trademark"}}, {"model": "sessions.session", "pk": "883eqflciblarypq2z2qo2ywjybrlf8u", "fields": {"session_data": "YjNjNDQ3NTU0ZWQ4NmM4N2QyYWJmN2MyZTM3OTc2YzU1MDIzYmNmYjp7Il9hdXRoX3VzZXJfaWQiOiIxIiwiX2F1dGhfdXNlcl9iYWNrZW5kIjoiZGphbmdvLmNvbnRyaWIuYXV0aC5iYWNrZW5kcy5Nb2RlbEJhY2tlbmQiLCJfYXV0aF91c2VyX2hhc2giOiJlMDgxYzcxOTc3N2VhMTkyN2NhNzBmNTg1YzBmM2YzNzk0ZGFiOTNmIn0=", "expire_date": "2020-09-26T02:54:24.400Z"}}, {"model": "sessions.session", "pk": "nxknzri6gynf5w33xo8p5edkvqi35k4b", "fields": {"session_data": "YjNjNDQ3NTU0ZWQ4NmM4N2QyYWJmN2MyZTM3OTc2YzU1MDIzYmNmYjp7Il9hdXRoX3VzZXJfaWQiOiIxIiwiX2F1dGhfdXNlcl9iYWNrZW5kIjoiZGphbmdvLmNvbnRyaWIuYXV0aC5iYWNrZW5kcy5Nb2RlbEJhY2tlbmQiLCJfYXV0aF91c2VyX2hhc2giOiJlMDgxYzcxOTc3N2VhMTkyN2NhNzBmNTg1YzBmM2YzNzk0ZGFiOTNmIn0=", "expire_date": "2020-09-24T12:22:37.210Z"}}, {"model": "product_app.trademark", "pk": 91, "fields": {"name": "FABULOSO", "is_active": true, "date_record": "2020-09-12T01:20:40.178Z", "date_update": "2020-09-12T01:20:40.178Z"}}, {"model": "product_app.trademark", "pk": 92, "fields": {"name": "BAYER", "is_active": true, "date_record": "2020-09-12T01:20:40.412Z", "date_update": "2020-09-12T01:20:40.412Z"}}, {"model": "product_app.trademark", "pk": 93, "fields": {"name": "SAVITAL", "is_active": true, "date_record": "2020-09-12T01:20:40.423Z", "date_update": "2020-09-12T01:20:40.423Z"}}, {"model": "product_app.trademark", "pk": 94, "fields": {"name": "DOVE", "is_active": true, "date_record": "2020-09-12T01:20:40.441Z", "date_update": "2020-09-12T01:20:40.441Z"}}, {"model": "product_app.trademark", "pk": 95, "fields": {"name": "POKER", "is_active": true, "date_record": "2020-09-12T01:23:09.314Z", "date_update": "2020-09-12T01:23:09.314Z"}}, {"model": "product_app.trademark", "pk": 96, "fields": {"name": "NA", "is_active": true, "date_record": "2020-09-12T01:23:09.334Z", "date_update": "2020-09-12T01:23:09.334Z"}}, {"model": "product_app.trademark", "pk": 97, "fields": {"name": "COLIBRI", "is_active": true, "date_record": "2020-09-12T01:23:09.371Z", "date_update": "2020-09-12T01:23:09.371Z"}}, {"model": "product_app.trademark", "pk": 98, "fields": {"name": "KONZIL", "is_active": true, "date_record": "2020-09-12T01:23:09.436Z", "date_update": "2020-09-12T01:23:09.436Z"}}, {"model": "product_app.trademark", "pk": 99, "fields": {"name": "SPEED_STICK", "is_active": true, "date_record": "2020-09-12T01:23:09.463Z", "date_update": "2020-09-12T01:23:09.463Z"}}, {"model": "product_app.trademark", "pk": 100, "fields": {"name": "BALANCE", "is_active": true, "date_record": "2020-09-12T01:23:09.497Z", "date_update": "2020-09-12T01:23:09.497Z"}}, {"model": "product_app.trademark", "pk": 101, "fields": {"name": "SMAT", "is_active": true, "date_record": "2020-09-12T01:23:09.542Z", "date_update": "2020-09-12T01:23:09.542Z"}}, {"model": "product_app.trademark", "pk": 102, "fields": {"name": "GILLETE", "is_active": true, "date_record": "2020-09-12T01:23:09.554Z", "date_update": "2020-09-12T01:23:09.554Z"}}, {"model": "product_app.trademark", "pk": 103, "fields": {"name": "LADY_SPEED_STICK", "is_active": true, "date_record": "2020-09-12T01:23:09.568Z", "date_update": "2020-09-12T01:23:09.568Z"}}, {"model": "product_app.trademark", "pk": 104, "fields": {"name": "PANTENE", "is_active": true, "date_record": "2020-09-12T01:23:09.607Z", "date_update": "2020-09-12T01:23:09.607Z"}}, {"model": "product_app.trademark", "pk": 105, "fields": {"name": "JOHNSON", "is_active": true, "date_record": "2020-09-12T01:23:09.675Z", "date_update": "2020-09-12T01:23:09.675Z"}}, {"model": "product_app.trademark", "pk": 106, "fields": {"name": "OSA", "is_active": true, "date_record": "2020-09-12T01:23:09.721Z", "date_update": "2020-09-12T01:23:09.721Z"}}, {"model": "product_app.trademark", "pk": 107, "fields": {"name": "DORCO", "is_active": true, "date_record": "2020-09-12T01:23:09.765Z", "date_update": "2020-09-12T01:23:09.765Z"}}, {"model": "product_app.trademark", "pk": 108, "fields": {"name": "POKER_F", "is_active": true, "date_record": "2020-09-12T01:23:09.775Z", "date_update": "2020-09-12T01:23:09.776Z"}}, {"model": "product_app.trademark", "pk": 109, "fields": {"name": "MIRADO", "is_active": true, "date_record": "2020-09-12T01:23:09.799Z", "date_update": "2020-09-12T01:23:09.799Z"}}, {"model": "product_app.trademark", "pk": 110, "fields": {"name": "AXION", "is_active": true, "date_record": "2020-09-12T01:23:09.833Z", "date_update": "2020-09-12T01:23:09.833Z"}}, {"model": "product_app.trademark", "pk": 111, "fields": {"name": "LOZACREAM", "is_active": true, "date_record": "2020-09-12T01:23:09.888Z", "date_update": "2020-09-12T01:23:09.888Z"}}, {"model": "product_app.trademark", "pk": 112, "fields": {"name": "SUAVITEL", "is_active": true, "date_record": "2020-09-12T01:23:09.915Z", "date_update": "2020-09-12T01:23:09.915Z"}}, {"model": "product_app.trademark", "pk": 113, "fields": {"name": "COLGATE", "is_active": true, "date_record": "2020-09-12T01:23:09.987Z", "date_update": "2020-09-12T01:23:09.987Z"}}, {"model": "product_app.trademark", "pk": 114, "fields": {"name": "ORAL_B", "is_active": true, "date_record": "2020-09-12T01:23:10.114Z", "date_update": "2020-09-12T01:23:10.114Z"}}, {"model": "product_app.trademark", "pk": 115, "fields": {"name": "REXONA", "is_active": true, "date_record": "2020-09-12T01:23:10.128Z", "date_update": "2020-09-12T01:23:10.128Z"}}, {"model": "product_app.trademark", "pk": 116, "fields": {"name": "PALMOLIVE", "is_active": true, "date_record": "2020-09-12T01:23:10.179Z", "date_update": "2020-09-12T01:23:10.179Z"}}, {"model": "product_app.trademark", "pk": 117, "fields": {"name": "MARFIL", "is_active": true, "date_record": "2020-09-12T01:23:10.205Z", "date_update": "2020-09-12T01:23:10.205Z"}}, {"model": "product_app.trademark", "pk": 118, "fields": {"name": "PROTEX", "is_active": true, "date_record": "2020-09-12T01:23:10.226Z", "date_update": "2020-09-12T01:23:10.226Z"}}, {"model": "product_app.trademark", "pk": 119, "fields": {"name": "YODORA", "is_active": true, "date_record": "2020-09-12T01:23:10.271Z", "date_update": "2020-09-12T01:23:10.271Z"}}, {"model": "product_app.trademark", "pk": 120, "fields": {"name": "STAYFREE", "is_active": true, "date_record": "2020-09-12T01:23:10.283Z", "date_update": "2020-09-12T01:23:10.283Z"}}, {"model": "product_app.trademark", "pk": 121, "fields": {"name": "LANDER", "is_active": true, "date_record": "2020-09-12T01:23:10.316Z", "date_update": "2020-09-12T01:23:10.316Z"}}, {"model": "product_app.trademark", "pk": 122, "fields": {"name": "4K", "is_active": true, "date_record": "2020-09-12T01:23:10.388Z", "date_update": "2020-09-12T01:23:10.388Z"}}, {"model": "product_app.trademark", "pk": 123, "fields": {"name": "AK1", "is_active": true, "date_record": "2020-09-12T01:23:10.410Z", "date_update": "2020-09-12T01:23:10.410Z"}}, {"model": "product_app.trademark", "pk": 124, "fields": {"name": "FAMILIA", "is_active": true, "date_record": "2020-09-12T01:23:10.448Z", "date_update": "2020-09-12T01:23:10.448Z"}}, {"model": "product_app.trademark", "pk": 125, "fields": {"name": "CAREY", "is_active": true, "date_record": "2020-09-12T01:23:10.499Z", "date_update": "2020-09-12T01:23:10.499Z"}}, {"model": "product_app.trademark", "pk": 126, "fields": {"name": "COCO_N", "is_active": true, "date_record": "2020-09-12T01:23:10.515Z", "date_update": "2020-09-12T01:23:10.515Z"}}, {"model": "product_app.trademark", "pk": 127, "fields": {"name": "LAK", "is_active": true, "date_record": "2020-09-12T01:23:10.536Z", "date_update": "2020-09-12T01:23:10.536Z"}}, {"model": "product_app.trademark", "pk": 128, "fields": {"name": "SUPER_RIEL", "is_active": true, "date_record": "2020-09-12T01:23:10.552Z", "date_update": "2020-09-12T01:23:10.552Z"}}, {"model": "product_app.trademark", "pk": 129, "fields": {"name": "AZULK", "is_active": true, "date_record": "2020-09-12T01:23:10.573Z", "date_update": "2020-09-12T01:23:10.573Z"}}, {"model": "product_app.trademark", "pk": 130, "fields": {"name": "PEQUE\u00d1IN", "is_active": true, "date_record": "2020-09-12T01:23:10.600Z", "date_update": "2020-09-12T01:23:10.600Z"}}, {"model": "product_app.trademark", "pk": 131, "fields": {"name": "NOSOTRAS", "is_active": true, "date_record": "2020-09-12T01:23:10.747Z", "date_update": "2020-09-12T01:23:10.747Z"}}, {"model": "product_app.trademark", "pk": 132, "fields": {"name": "H&S", "is_active": true, "date_record": "2020-09-12T01:23:10.860Z", "date_update": "2020-09-12T01:23:10.860Z"}}, {"model": "product_app.trademark", "pk": 133, "fields": {"name": "PANASONIC", "is_active": true, "date_record": "2020-09-12T01:23:10.888Z", "date_update": "2020-09-12T01:23:10.888Z"}}, {"model": "product_app.trademark", "pk": 134, "fields": {"name": "NALPILUX", "is_active": true, "date_record": "2020-09-12T01:23:10.901Z", "date_update": "2020-09-12T01:23:10.901Z"}}, {"model": "product_app.trademark", "pk": 135, "fields": {"name": "ELLAS", "is_active": true, "date_record": "2020-09-12T01:23:10.912Z", "date_update": "2020-09-12T01:23:10.912Z"}}, {"model": "product_app.trademark", "pk": 136, "fields": {"name": "SANPIC", "is_active": true, "date_record": "2020-09-12T01:23:10.980Z", "date_update": "2020-09-12T01:23:10.980Z"}}, {"model": "product_app.trademark", "pk": 137, "fields": {"name": "CLOROX", "is_active": true, "date_record": "2020-09-12T01:23:11.017Z", "date_update": "2020-09-12T01:23:11.017Z"}}, {"model": "product_app.trademark", "pk": 138, "fields": {"name": "ARIEL", "is_active": true, "date_record": "2020-09-12T01:23:11.038Z", "date_update": "2020-09-12T01:23:11.038Z"}}, {"model": "product_app.trademark", "pk": 139, "fields": {"name": "WINNY", "is_active": true, "date_record": "2020-09-12T01:23:11.091Z", "date_update": "2020-09-12T01:23:11.092Z"}}, {"model": "product_app.trademark", "pk": 140, "fields": {"name": "DOVE", "is_active": true, "date_record": "2020-09-12T01:23:11.201Z", "date_update": "2020-09-12T01:23:11.201Z"}}, {"model": "product_app.trademark", "pk": 141, "fields": {"name": "COCO", "is_active": true, "date_record": "2020-09-12T01:23:11.219Z", "date_update": "2020-09-12T01:23:11.219Z"}}, {"model": "product_app.trademark", "pk": 142, "fields": {"name": "VEL_ROSITA", "is_active": true, "date_record": "2020-09-12T01:23:11.234Z", "date_update": "2020-09-12T01:23:11.234Z"}}, {"model": "product_app.trademark", "pk": 143, "fields": {"name": "DERSA", "is_active": true, "date_record": "2020-09-12T01:23:11.248Z", "date_update": "2020-09-12T01:23:11.248Z"}}, {"model": "product_app.category", "pk": 1, "fields": {"name": "FOSFORO", "is_active": true, "date_record": "2020-09-10T13:45:56.106Z", "date_update": "2020-09-10T13:45:56.106Z"}}, {"model": "product_app.category", "pk": 2, "fields": {"name": "BAMBA", "is_active": true, "date_record": "2020-09-10T13:48:45.953Z", "date_update": "2020-09-10T13:48:45.953Z"}}, {"model": "product_app.category", "pk": 3, "fields": {"name": "ESCARCHA", "is_active": true, "date_record": "2020-09-10T13:48:46.002Z", "date_update": "2020-09-10T13:48:46.002Z"}}, {"model": "product_app.category", "pk": 4, "fields": {"name": "VARIOS", "is_active": true, "date_record": "2020-09-10T13:48:46.026Z", "date_update": "2020-09-10T13:48:46.026Z"}}, {"model": "product_app.category", "pk": 5, "fields": {"name": "PEGANTE", "is_active": true, "date_record": "2020-09-10T13:48:46.052Z", "date_update": "2020-09-10T13:48:46.052Z"}}, {"model": "product_app.category", "pk": 6, "fields": {"name": "CAUCHO", "is_active": true, "date_record": "2020-09-10T13:48:46.111Z", "date_update": "2020-09-10T13:48:46.112Z"}}, {"model": "product_app.category", "pk": 7, "fields": {"name": "ESPONJA", "is_active": true, "date_record": "2020-09-10T13:48:46.168Z", "date_update": "2020-09-10T13:48:46.168Z"}}, {"model": "product_app.category", "pk": 8, "fields": {"name": "CREMA_PEINAR", "is_active": true, "date_record": "2020-09-10T13:48:46.246Z", "date_update": "2020-09-10T13:48:46.246Z"}}, {"model": "product_app.category", "pk": 9, "fields": {"name": "SHAMPOO", "is_active": true, "date_record": "2020-09-10T13:48:46.302Z", "date_update": "2020-09-10T13:48:46.302Z"}}, {"model": "product_app.category", "pk": 10, "fields": {"name": "DESODORANTE", "is_active": true, "date_record": "2020-09-10T13:48:46.330Z", "date_update": "2020-09-10T13:48:46.330Z"}}, {"model": "product_app.category", "pk": 11, "fields": {"name": "ENCENDEDOR", "is_active": true, "date_record": "2020-09-10T13:48:46.475Z", "date_update": "2020-09-10T13:48:46.475Z"}}, {"model": "product_app.category", "pk": 12, "fields": {"name": "PRESTOBARBA", "is_active": true, "date_record": "2020-09-10T13:48:46.506Z", "date_update": "2020-09-10T13:48:46.506Z"}}, {"model": "product_app.category", "pk": 13, "fields": {"name": "TIRAS_BRASIER", "is_active": true, "date_record": "2020-09-10T14:10:35.930Z", "date_update": "2020-09-10T14:10:35.930Z"}}, {"model": "product_app.category", "pk": 14, "fields": {"name": "CREMA_CABELLO", "is_active": true, "date_record": "2020-09-10T14:10:36.009Z", "date_update": "2020-09-10T14:10:36.010Z"}}, {"model": "product_app.category", "pk": 15, "fields": {"name": "ACEITE_PERSONAL", "is_active": true, "date_record": "2020-09-10T14:10:36.050Z", "date_update": "2020-09-10T14:10:36.050Z"}}, {"model": "product_app.category", "pk": 16, "fields": {"name": "COPITO", "is_active": true, "date_record": "2020-09-10T14:10:36.082Z", "date_update": "2020-09-10T14:10:36.082Z"}}, {"model": "product_app.category", "pk": 17, "fields": {"name": "CORTAU\u00d1A", "is_active": true, "date_record": "2020-09-10T14:10:36.126Z", "date_update": "2020-09-10T14:10:36.126Z"}}, {"model": "product_app.category", "pk": 18, "fields": {"name": "CUCHILLA", "is_active": true, "date_record": "2020-09-10T14:10:36.144Z", "date_update": "2020-09-10T14:10:36.144Z"}}, {"model": "product_app.category", "pk": 19, "fields": {"name": "LABIAL", "is_active": true, "date_record": "2020-09-10T14:10:36.198Z", "date_update": "2020-09-10T14:10:36.198Z"}}, {"model": "product_app.category", "pk": 20, "fields": {"name": "LAPIZ", "is_active": true, "date_record": "2020-09-10T14:10:36.222Z", "date_update": "2020-09-10T14:10:36.222Z"}}, {"model": "product_app.category", "pk": 21, "fields": {"name": "LAVALOZA", "is_active": true, "date_record": "2020-09-10T14:10:36.271Z", "date_update": "2020-09-10T14:10:36.271Z"}}, {"model": "product_app.category", "pk": 22, "fields": {"name": "CINTA", "is_active": true, "date_record": "2020-09-10T14:10:36.296Z", "date_update": "2020-09-10T14:10:36.296Z"}}, {"model": "product_app.category", "pk": 23, "fields": {"name": "LIMPIAPISO", "is_active": true, "date_record": "2020-09-10T14:10:36.322Z", "date_update": "2020-09-10T14:10:36.322Z"}}, {"model": "product_app.category", "pk": 24, "fields": {"name": "SUAVISANTE", "is_active": true, "date_record": "2020-09-10T14:10:36.446Z", "date_update": "2020-09-10T14:10:36.446Z"}}, {"model": "product_app.category", "pk": 25, "fields": {"name": "CORRECTOR", "is_active": true, "date_record": "2020-09-10T14:10:36.534Z", "date_update": "2020-09-10T14:10:36.534Z"}}, {"model": "product_app.category", "pk": 26, "fields": {"name": "CREMA_DENTAL", "is_active": true, "date_record": "2020-09-10T14:10:36.571Z", "date_update": "2020-09-10T14:10:36.571Z"}}, {"model": "product_app.category", "pk": 27, "fields": {"name": "REMOVEDOR_U\u00d1A", "is_active": true, "date_record": "2020-09-10T14:10:36.614Z", "date_update": "2020-09-10T14:10:36.614Z"}}, {"model": "product_app.category", "pk": 28, "fields": {"name": "ENCRESPADOR", "is_active": true, "date_record": "2020-09-10T14:10:36.636Z", "date_update": "2020-09-10T14:10:36.636Z"}}, {"model": "product_app.category", "pk": 29, "fields": {"name": "ESMALTE", "is_active": true, "date_record": "2020-09-10T14:10:36.655Z", "date_update": "2020-09-10T14:10:36.655Z"}}, {"model": "product_app.category", "pk": 30, "fields": {"name": "TRATAMIENTO", "is_active": true, "date_record": "2020-09-10T14:10:36.682Z", "date_update": "2020-09-10T14:10:36.682Z"}}, {"model": "product_app.category", "pk": 31, "fields": {"name": "TINTE_ROPA", "is_active": true, "date_record": "2020-09-10T14:10:36.702Z", "date_update": "2020-09-10T14:10:36.702Z"}}, {"model": "product_app.category", "pk": 32, "fields": {"name": "CEPILLO_DIENTE", "is_active": true, "date_record": "2020-09-10T14:10:36.758Z", "date_update": "2020-09-10T14:10:36.758Z"}}, {"model": "product_app.category", "pk": 33, "fields": {"name": "JABON_PERSONAL", "is_active": true, "date_record": "2020-09-10T14:10:36.814Z", "date_update": "2020-09-10T14:10:36.814Z"}}, {"model": "product_app.category", "pk": 34, "fields": {"name": "TEMPERA", "is_active": true, "date_record": "2020-09-10T14:10:36.929Z", "date_update": "2020-09-10T14:10:36.929Z"}}, {"model": "product_app.category", "pk": 35, "fields": {"name": "TOALLA_HIG", "is_active": true, "date_record": "2020-09-10T14:10:37.067Z", "date_update": "2020-09-10T14:10:37.067Z"}}, {"model": "product_app.category", "pk": 36, "fields": {"name": "BOMBILLO", "is_active": true, "date_record": "2020-09-10T14:10:37.139Z", "date_update": "2020-09-10T14:10:37.139Z"}}, {"model": "product_app.category", "pk": 37, "fields": {"name": "ALCOHOL", "is_active": true, "date_record": "2020-09-10T14:10:37.183Z", "date_update": "2020-09-10T14:10:37.183Z"}}, {"model": "product_app.category", "pk": 38, "fields": {"name": "TALCO", "is_active": true, "date_record": "2020-09-10T14:10:37.220Z", "date_update": "2020-09-10T14:10:37.220Z"}}, {"model": "product_app.category", "pk": 39, "fields": {"name": "DETERGENTE", "is_active": true, "date_record": "2020-09-10T14:10:37.265Z", "date_update": "2020-09-10T14:10:37.265Z"}}, {"model": "product_app.category", "pk": 40, "fields": {"name": "PA\u00d1UELO", "is_active": true, "date_record": "2020-09-10T14:10:37.366Z", "date_update": "2020-09-10T14:10:37.366Z"}}, {"model": "product_app.category", "pk": 41, "fields": {"name": "GUANTE", "is_active": true, "date_record": "2020-09-10T14:10:37.431Z", "date_update": "2020-09-10T14:10:37.431Z"}}, {"model": "product_app.category", "pk": 42, "fields": {"name": "JABON_ROPA", "is_active": true, "date_record": "2020-09-10T14:10:37.522Z", "date_update": "2020-09-10T14:10:37.522Z"}}, {"model": "product_app.category", "pk": 43, "fields": {"name": "PA\u00d1AL", "is_active": true, "date_record": "2020-09-10T14:10:37.703Z", "date_update": "2020-09-10T14:10:37.703Z"}}, {"model": "product_app.category", "pk": 44, "fields": {"name": "PA\u00d1ITO", "is_active": true, "date_record": "2020-09-10T14:10:37.883Z", "date_update": "2020-09-10T14:10:37.883Z"}}, {"model": "product_app.category", "pk": 45, "fields": {"name": "PAPEL_HIG", "is_active": true, "date_record": "2020-09-10T14:10:37.939Z", "date_update": "2020-09-10T14:10:37.939Z"}}, {"model": "product_app.category", "pk": 46, "fields": {"name": "SERVILLETA", "is_active": true, "date_record": "2020-09-10T14:10:38.073Z", "date_update": "2020-09-10T14:10:38.073Z"}}, {"model": "product_app.category", "pk": 47, "fields": {"name": "TOALLA_COC", "is_active": true, "date_record": "2020-09-10T14:10:38.198Z", "date_update": "2020-09-10T14:10:38.198Z"}}, {"model": "product_app.category", "pk": 48, "fields": {"name": "PILA", "is_active": true, "date_record": "2020-09-10T14:10:38.288Z", "date_update": "2020-09-10T14:10:38.288Z"}}, {"model": "product_app.category", "pk": 49, "fields": {"name": "COLADOR", "is_active": true, "date_record": "2020-09-10T14:10:38.533Z", "date_update": "2020-09-10T14:10:38.533Z"}}, {"model": "product_app.category", "pk": 50, "fields": {"name": "LIMPIDO", "is_active": true, "date_record": "2020-09-10T14:10:38.568Z", "date_update": "2020-09-10T14:10:38.568Z"}}, {"model": "product_app.category", "pk": 51, "fields": {"name": "CREMA_CORPORAL", "is_active": true, "date_record": "2020-09-10T14:10:39.678Z", "date_update": "2020-09-10T14:10:39.678Z"}}, {"model": "product_app.category", "pk": 52, "fields": {"name": "MEDICAMENTO", "is_active": true, "date_record": "2020-09-12T01:20:40.403Z", "date_update": "2020-09-12T01:20:40.403Z"}}, {"model": "product_app.category", "pk": 53, "fields": {"name": "ACONDICIONADOR", "is_active": true, "date_record": "2020-09-12T01:20:40.437Z", "date_update": "2020-09-12T01:20:40.437Z"}}, {"model": "product_app.product", "pk": 1, "fields": {"ref": "0001A", "name": "FOSFORO POKER PEQ", "description": "", "category": 1, "trademark": 95, "amount": 1, "stock": 40, "capacity": 0, "price_cost": 125.0, "price_sale": 200.0, "is_store": true, "is_active": true, "date_record": "2020-09-12T01:23:09.322Z", "date_update": "2020-09-12T01:23:09.322Z"}}, {"model": "product_app.product", "pk": 2, "fields": {"ref": "0002A", "name": "BAMBA BLANCA Y NEGRA", "description": "", "category": 2, "trademark": 96, "amount": 1, "stock": 12, "capacity": 0, "price_cost": 217.0, "price_sale": 300.0, "is_store": true, "is_active": true, "date_record": "2020-09-12T01:23:09.338Z", "date_update": "2020-09-12T01:23:09.338Z"}}, {"model": "product_app.product", "pk": 3, "fields": {"ref": "0003A", "name": "BAMBA SURTIDA", "description": "", "category": 2, "trademark": 96, "amount": 1, "stock": 12, "capacity": 0, "price_cost": 217.0, "price_sale": 300.0, "is_store": true, "is_active": true, "date_record": "2020-09-12T01:23:09.347Z", "date_update": "2020-09-12T01:23:09.347Z"}}, {"model": "product_app.product", "pk": 4, "fields": {"ref": "0004A", "name": "ESCARCHA TUBO", "description": "", "category": 3, "trademark": 96, "amount": 1, "stock": 12, "capacity": 0, "price_cost": 217.0, "price_sale": 300.0, "is_store": true, "is_active": true, "date_record": "2020-09-12T01:23:09.353Z", "date_update": "2020-09-12T01:23:09.353Z"}}, {"model": "product_app.product", "pk": 5, "fields": {"ref": "0005A", "name": "MANTECA DE CACAO", "description": "", "category": 4, "trademark": 96, "amount": 1, "stock": 50, "capacity": 0, "price_cost": 216.0, "price_sale": 300.0, "is_store": true, "is_active": true, "date_record": "2020-09-12T01:23:09.362Z", "date_update": "2020-09-12T01:23:09.362Z"}}, {"model": "product_app.product", "pk": 6, "fields": {"ref": "0006A", "name": "EGA COLIBRI 20G", "description": "", "category": 5, "trademark": 97, "amount": 1, "stock": 24, "capacity": 0, "price_cost": 313.0, "price_sale": 400.0, "is_store": true, "is_active": true, "date_record": "2020-09-12T01:23:09.377Z", "date_update": "2020-09-12T01:23:09.377Z"}}, {"model": "product_app.product", "pk": 7, "fields": {"ref": "0007A", "name": "VASELINA", "description": "", "category": 4, "trademark": 96, "amount": 1, "stock": 12, "capacity": 0, "price_cost": 242.0, "price_sale": 300.0, "is_store": true, "is_active": true, "date_record": "2020-09-12T01:23:09.387Z", "date_update": "2020-09-12T01:23:09.387Z"}}, {"model": "product_app.product", "pk": 8, "fields": {"ref": "0008A", "name": "CAUCHO DELGADO BLANCO Y NEGRO", "description": "", "category": 6, "trademark": 96, "amount": 1, "stock": 24, "capacity": 0, "price_cost": 217.0, "price_sale": 400.0, "is_store": true, "is_active": true, "date_record": "2020-09-12T01:23:09.395Z", "date_update": "2020-09-12T01:23:09.395Z"}}, {"model": "product_app.product", "pk": 9, "fields": {"ref": "0009A", "name": "CAUCHO DELGADO SURTIDO", "description": "", "category": 6, "trademark": 96, "amount": 1, "stock": 24, "capacity": 0, "price_cost": 217.0, "price_sale": 400.0, "is_store": true, "is_active": true, "date_record": "2020-09-12T01:23:09.402Z", "date_update": "2020-09-12T01:23:09.402Z"}}, {"model": "product_app.product", "pk": 10, "fields": {"ref": "0010A", "name": "ESPONJA ACERO INOX COLIBRI", "description": "", "category": 7, "trademark": 97, "amount": 1, "stock": 12, "capacity": 0, "price_cost": 375.0, "price_sale": 500.0, "is_store": true, "is_active": true, "date_record": "2020-09-12T01:23:09.415Z", "date_update": "2020-09-12T01:23:09.415Z"}}, {"model": "product_app.product", "pk": 11, "fields": {"ref": "0011A", "name": "SUPER GLU ROJO", "description": "", "category": 5, "trademark": 96, "amount": 1, "stock": 23, "capacity": 0, "price_cost": 292.0, "price_sale": 500.0, "is_store": true, "is_active": true, "date_record": "2020-09-12T01:23:09.422Z", "date_update": "2020-09-12T01:23:09.422Z"}}, {"model": "product_app.product", "pk": 12, "fields": {"ref": "0012A", "name": "EGA COLIBRI 40G", "description": "", "category": 5, "trademark": 97, "amount": 1, "stock": 18, "capacity": 0, "price_cost": 417.0, "price_sale": 600.0, "is_store": true, "is_active": true, "date_record": "2020-09-12T01:23:09.429Z", "date_update": "2020-09-12T01:23:09.429Z"}}, {"model": "product_app.product", "pk": 13, "fields": {"ref": "0013A", "name": "CREMA KONZIL 25ML TODO TIPO", "description": "", "category": 8, "trademark": 98, "amount": 1, "stock": 18, "capacity": 0, "price_cost": 494.0, "price_sale": 600.0, "is_store": true, "is_active": true, "date_record": "2020-09-12T01:23:09.439Z", "date_update": "2020-09-12T01:23:09.439Z"}}, {"model": "product_app.product", "pk": 14, "fields": {"ref": "0014A", "name": "CREMA KONZIL 25ML VERDE", "description": "", "category": 8, "trademark": 98, "amount": 1, "stock": 18, "capacity": 0, "price_cost": 494.0, "price_sale": 600.0, "is_store": true, "is_active": true, "date_record": "2020-09-12T01:23:09.447Z", "date_update": "2020-09-12T01:23:09.447Z"}}, {"model": "product_app.product", "pk": 15, "fields": {"ref": "0015A", "name": "SHAMPOO KONZIL 25ML ROSADO", "description": "", "category": 9, "trademark": 98, "amount": 1, "stock": 18, "capacity": 0, "price_cost": 494.0, "price_sale": 600.0, "is_store": true, "is_active": true, "date_record": "2020-09-12T01:23:09.453Z", "date_update": "2020-09-12T01:23:09.453Z"}}, {"model": "product_app.product", "pk": 16, "fields": {"ref": "0016A", "name": "SPEED STICK CREMA MEN 10 G", "description": "", "category": 10, "trademark": 99, "amount": 1, "stock": 18, "capacity": 0, "price_cost": 550.0, "price_sale": 700.0, "is_store": true, "is_active": true, "date_record": "2020-09-12T01:23:09.470Z", "date_update": "2020-09-12T01:23:09.470Z"}}, {"model": "product_app.product", "pk": 17, "fields": {"ref": "0017A", "name": "SPEED STICK GEL MEN 10G", "description": "", "category": 10, "trademark": 99, "amount": 1, "stock": 16, "capacity": 0, "price_cost": 550.0, "price_sale": 700.0, "is_store": true, "is_active": true, "date_record": "2020-09-12T01:23:09.477Z", "date_update": "2020-09-12T01:23:09.477Z"}}, {"model": "product_app.product", "pk": 18, "fields": {"ref": "0018A", "name": "BALANCE CREMA MEN 11G", "description": "", "category": 10, "trademark": 100, "amount": 1, "stock": 18, "capacity": 0, "price_cost": 550.0, "price_sale": 700.0, "is_store": true, "is_active": true, "date_record": "2020-09-12T01:23:09.500Z", "date_update": "2020-09-12T01:23:09.500Z"}}, {"model": "product_app.product", "pk": 19, "fields": {"ref": "0019A", "name": "BALANCE CREMA WOMEN 11G", "description": "", "category": 10, "trademark": 100, "amount": 1, "stock": 18, "capacity": 0, "price_cost": 550.0, "price_sale": 700.0, "is_store": true, "is_active": true, "date_record": "2020-09-12T01:23:09.509Z", "date_update": "2020-09-12T01:23:09.509Z"}}, {"model": "product_app.product", "pk": 20, "fields": {"ref": "0020A", "name": "BALANCE GEL WOMEN 11G", "description": "", "category": 10, "trademark": 100, "amount": 1, "stock": 18, "capacity": 0, "price_cost": 550.0, "price_sale": 700.0, "is_store": true, "is_active": true, "date_record": "2020-09-12T01:23:09.521Z", "date_update": "2020-09-12T01:23:09.521Z"}}, {"model": "product_app.product", "pk": 21, "fields": {"ref": "0021A", "name": "BALANCE GEL MEN 11G", "description": "", "category": 10, "trademark": 100, "amount": 1, "stock": 18, "capacity": 0, "price_cost": 550.0, "price_sale": 700.0, "is_store": true, "is_active": true, "date_record": "2020-09-12T01:23:09.532Z", "date_update": "2020-09-12T01:23:09.532Z"}}, {"model": "product_app.product", "pk": 22, "fields": {"ref": "0022A", "name": "ENCENDEDOR SMAT ELECTRICO", "description": "", "category": 11, "trademark": 101, "amount": 1, "stock": 50, "capacity": 0, "price_cost": 472.0, "price_sale": 700.0, "is_store": true, "is_active": true, "date_record": "2020-09-12T01:23:09.545Z", "date_update": "2020-09-12T01:23:09.545Z"}}, {"model": "product_app.product", "pk": 23, "fields": {"ref": "0023A", "name": "PRESTOBARBA GILLETTE DOBLE GRIP", "description": "", "category": 12, "trademark": 102, "amount": 1, "stock": 72, "capacity": 0, "price_cost": 1667.0, "price_sale": 1900.0, "is_store": true, "is_active": true, "date_record": "2020-09-12T01:23:09.558Z", "date_update": "2020-09-12T01:23:09.558Z"}}, {"model": "product_app.product", "pk": 24, "fields": {"ref": "0024A", "name": "LADY SPEED STIK CREMA 10G", "description": "", "category": 10, "trademark": 103, "amount": 1, "stock": 18, "capacity": 0, "price_cost": 550.0, "price_sale": 700.0, "is_store": true, "is_active": true, "date_record": "2020-09-12T01:23:09.573Z", "date_update": "2020-09-12T01:23:09.573Z"}}, {"model": "product_app.product", "pk": 25, "fields": {"ref": "0025A", "name": "LADY SPEED STIK GEL 10G", "description": "", "category": 10, "trademark": 103, "amount": 1, "stock": 18, "capacity": 0, "price_cost": 550.0, "price_sale": 700.0, "is_store": true, "is_active": true, "date_record": "2020-09-12T01:23:09.589Z", "date_update": "2020-09-12T01:23:09.589Z"}}, {"model": "product_app.product", "pk": 26, "fields": {"ref": "0026A", "name": "SHAMPOO PANTENE 10ML", "description": "", "category": 9, "trademark": 104, "amount": 1, "stock": 12, "capacity": 0, "price_cost": 525.0, "price_sale": 700.0, "is_store": true, "is_active": true, "date_record": "2020-09-12T01:23:09.620Z", "date_update": "2020-09-12T01:23:09.620Z"}}, {"model": "product_app.product", "pk": 27, "fields": {"ref": "0027A", "name": "CAUCHO GRUESO BLANCO Y NEGRO", "description": "", "category": 6, "trademark": 96, "amount": 1, "stock": 24, "capacity": 0, "price_cost": 483.0, "price_sale": 800.0, "is_store": true, "is_active": true, "date_record": "2020-09-12T01:23:09.631Z", "date_update": "2020-09-12T01:23:09.631Z"}}, {"model": "product_app.product", "pk": 28, "fields": {"ref": "0028A", "name": "CAUCHO GRUESO SURTIDO", "description": "", "category": 6, "trademark": 96, "amount": 1, "stock": 24, "capacity": 0, "price_cost": 483.0, "price_sale": 800.0, "is_store": true, "is_active": true, "date_record": "2020-09-12T01:23:09.645Z", "date_update": "2020-09-12T01:23:09.645Z"}}, {"model": "product_app.product", "pk": 29, "fields": {"ref": "0029A", "name": "TIRAS TRANSPARENTE BRASIER", "description": "", "category": 13, "trademark": 96, "amount": 1, "stock": 24, "capacity": 0, "price_cost": 400.0, "price_sale": 800.0, "is_store": true, "is_active": true, "date_record": "2020-09-12T01:23:09.654Z", "date_update": "2020-09-12T01:23:09.654Z"}}, {"model": "product_app.product", "pk": 30, "fields": {"ref": "0030A", "name": "ENCENDEDOR SMAT LINTERNA", "description": "", "category": 11, "trademark": 101, "amount": 1, "stock": 50, "capacity": 0, "price_cost": 552.0, "price_sale": 900.0, "is_store": true, "is_active": true, "date_record": "2020-09-12T01:23:09.666Z", "date_update": "2020-09-12T01:23:09.666Z"}}, {"model": "product_app.product", "pk": 31, "fields": {"ref": "0031A", "name": "SHAMPOO JOHNSON AMARILLO 25ML", "description": "", "category": 9, "trademark": 105, "amount": 1, "stock": 12, "capacity": 0, "price_cost": 742.0, "price_sale": 900.0, "is_store": true, "is_active": true, "date_record": "2020-09-12T01:23:09.679Z", "date_update": "2020-09-12T01:23:09.679Z"}}, {"model": "product_app.product", "pk": 32, "fields": {"ref": "0032A", "name": "SHAMPOO JOHNSON VERDE 25ML", "description": "", "category": 9, "trademark": 105, "amount": 1, "stock": 12, "capacity": 0, "price_cost": 742.0, "price_sale": 900.0, "is_store": true, "is_active": true, "date_record": "2020-09-12T01:23:09.686Z", "date_update": "2020-09-12T01:23:09.686Z"}}, {"model": "product_app.product", "pk": 33, "fields": {"ref": "0033A", "name": "CREMA JOHNSON VERDE 25ML", "description": "", "category": 14, "trademark": 105, "amount": 1, "stock": 12, "capacity": 0, "price_cost": 742.0, "price_sale": 900.0, "is_store": true, "is_active": true, "date_record": "2020-09-12T01:23:09.704Z", "date_update": "2020-09-12T01:23:09.704Z"}}, {"model": "product_app.product", "pk": 34, "fields": {"ref": "0034A", "name": "SUPER GLU BLANCO", "description": "", "category": 5, "trademark": 96, "amount": 1, "stock": 24, "capacity": 0, "price_cost": 575.0, "price_sale": 900.0, "is_store": true, "is_active": true, "date_record": "2020-09-12T01:23:09.715Z", "date_update": "2020-09-12T01:23:09.715Z"}}, {"model": "product_app.product", "pk": 35, "fields": {"ref": "0035A", "name": "ACEITE DE ALMENDRAS OSA ML", "description": "", "category": 15, "trademark": 106, "amount": 1, "stock": 12, "capacity": 0, "price_cost": 817.0, "price_sale": 1000.0, "is_store": true, "is_active": true, "date_record": "2020-09-12T01:23:09.727Z", "date_update": "2020-09-12T01:23:09.727Z"}}, {"model": "product_app.product", "pk": 36, "fields": {"ref": "0036A", "name": "COPITOS DISPLAY 18UND", "description": "", "category": 16, "trademark": 96, "amount": 1, "stock": 24, "capacity": 0, "price_cost": 417.0, "price_sale": 600.0, "is_store": true, "is_active": true, "date_record": "2020-09-12T01:23:09.736Z", "date_update": "2020-09-12T01:23:09.736Z"}}, {"model": "product_app.product", "pk": 37, "fields": {"ref": "0037A", "name": "COPITOS TARRITO", "description": "", "category": 16, "trademark": 96, "amount": 1, "stock": 24, "capacity": 0, "price_cost": 417.0, "price_sale": 600.0, "is_store": true, "is_active": true, "date_record": "2020-09-12T01:23:09.747Z", "date_update": "2020-09-12T01:23:09.747Z"}}, {"model": "product_app.product", "pk": 38, "fields": {"ref": "0038A", "name": "CORTAU\u00d1AS MEDIANO", "description": "", "category": 17, "trademark": 96, "amount": 1, "stock": 3, "capacity": 0, "price_cost": 700.0, "price_sale": 1000.0, "is_store": true, "is_active": true, "date_record": "2020-09-12T01:23:09.754Z", "date_update": "2020-09-12T01:23:09.754Z"}}, {"model": "product_app.product", "pk": 39, "fields": {"ref": "0039A", "name": "CUCHILLA DORCO 5UND", "description": "", "category": 18, "trademark": 107, "amount": 1, "stock": 12, "capacity": 0, "price_cost": 825.0, "price_sale": 1000.0, "is_store": true, "is_active": true, "date_record": "2020-09-12T01:23:09.768Z", "date_update": "2020-09-12T01:23:09.768Z"}}, {"model": "product_app.product", "pk": 40, "fields": {"ref": "0040A", "name": "FOSFOROS POKER GRAN", "description": "", "category": 1, "trademark": 108, "amount": 1, "stock": 20, "capacity": 0, "price_cost": 800.0, "price_sale": 1000.0, "is_store": true, "is_active": true, "date_record": "2020-09-12T01:23:09.780Z", "date_update": "2020-09-12T01:23:09.780Z"}}, {"model": "product_app.product", "pk": 41, "fields": {"ref": "0041A", "name": "LABIAL MAGICO", "description": "", "category": 19, "trademark": 96, "amount": 1, "stock": 24, "capacity": 0, "price_cost": 625.0, "price_sale": 800.0, "is_store": true, "is_active": true, "date_record": "2020-09-12T01:23:09.787Z", "date_update": "2020-09-12T01:23:09.787Z"}}, {"model": "product_app.product", "pk": 42, "fields": {"ref": "0042A", "name": "LAPIZ MIRADO ROJO", "description": "", "category": 20, "trademark": 109, "amount": 1, "stock": 12, "capacity": 0, "price_cost": 725.0, "price_sale": 1000.0, "is_store": true, "is_active": true, "date_record": "2020-09-12T01:23:09.803Z", "date_update": "2020-09-12T01:23:09.803Z"}}, {"model": "product_app.product", "pk": 43, "fields": {"ref": "0043A", "name": "TIRAS COLORES BRASIER", "description": "", "category": 13, "trademark": 96, "amount": 1, "stock": 24, "capacity": 0, "price_cost": 725.0, "price_sale": 1000.0, "is_store": true, "is_active": true, "date_record": "2020-09-12T01:23:09.816Z", "date_update": "2020-09-12T01:23:09.816Z"}}, {"model": "product_app.product", "pk": 44, "fields": {"ref": "0044A", "name": "AXION DISCO 130G", "description": "", "category": 21, "trademark": 110, "amount": 1, "stock": 12, "capacity": 0, "price_cost": 958.0, "price_sale": 1200.0, "is_store": true, "is_active": true, "date_record": "2020-09-12T01:23:09.838Z", "date_update": "2020-09-12T01:23:09.838Z"}}, {"model": "product_app.product", "pk": 45, "fields": {"ref": "0045A", "name": "CINTA ENMASCARAR PEQ", "description": "", "category": 22, "trademark": 96, "amount": 1, "stock": 6, "capacity": 0, "price_cost": 933.0, "price_sale": 1200.0, "is_store": true, "is_active": true, "date_record": "2020-09-12T01:23:09.851Z", "date_update": "2020-09-12T01:23:09.851Z"}}, {"model": "product_app.product", "pk": 46, "fields": {"ref": "0046A", "name": "FABULOSO MANZANA 200ML", "description": "", "category": 23, "trademark": null, "amount": 1, "stock": 8, "capacity": 0, "price_cost": 980.0, "price_sale": 1200.0, "is_store": true, "is_active": true, "date_record": "2020-09-11T23:20:15.616Z", "date_update": "2020-09-11T23:20:15.616Z"}}, {"model": "product_app.product", "pk": 47, "fields": {"ref": "0047A", "name": "FABULOSO BEBE 200ML", "description": "", "category": 23, "trademark": 91, "amount": 1, "stock": 4, "capacity": 0, "price_cost": 980.0, "price_sale": 1200.0, "is_store": true, "is_active": true, "date_record": "2020-09-12T01:23:09.860Z", "date_update": "2020-09-12T01:23:09.860Z"}}, {"model": "product_app.product", "pk": 48, "fields": {"ref": "0048A", "name": "FABULOSO LAVANDA 200ML", "description": "", "category": 23, "trademark": 91, "amount": 1, "stock": 4, "capacity": 0, "price_cost": 980.0, "price_sale": 1200.0, "is_store": true, "is_active": true, "date_record": "2020-09-12T01:23:09.868Z", "date_update": "2020-09-12T01:23:09.868Z"}}, {"model": "product_app.product", "pk": 50, "fields": {"ref": "0050A", "name": "FABULOSO FLORAL 200ML", "description": "", "category": 23, "trademark": 91, "amount": 1, "stock": 5, "capacity": 0, "price_cost": 980.0, "price_sale": 1200.0, "is_store": true, "is_active": true, "date_record": "2020-09-12T01:23:09.883Z", "date_update": "2020-09-12T01:23:09.883Z"}}, {"model": "product_app.product", "pk": 51, "fields": {"ref": "0051A", "name": "LOZACREAM 150G", "description": "", "category": 21, "trademark": 111, "amount": 1, "stock": 9, "capacity": 0, "price_cost": 951.0, "price_sale": 1200.0, "is_store": true, "is_active": true, "date_record": "2020-09-12T01:23:09.896Z", "date_update": "2020-09-12T01:23:09.896Z"}}, {"model": "product_app.product", "pk": 52, "fields": {"ref": "0052A", "name": "SILICONA 30ML", "description": "", "category": 5, "trademark": 96, "amount": 1, "stock": 3, "capacity": 0, "price_cost": 950.0, "price_sale": 1200.0, "is_store": true, "is_active": true, "date_record": "2020-09-12T01:23:09.903Z", "date_update": "2020-09-12T01:23:09.903Z"}}, {"model": "product_app.product", "pk": 53, "fields": {"ref": "0053A", "name": "SUAVITEL AMARILLO 180ML", "description": "", "category": 24, "trademark": 112, "amount": 1, "stock": 2, "capacity": 0, "price_cost": 970.0, "price_sale": 1200.0, "is_store": true, "is_active": true, "date_record": "2020-09-12T01:23:09.926Z", "date_update": "2020-09-12T01:23:09.927Z"}}, {"model": "product_app.product", "pk": 54, "fields": {"ref": "0054A", "name": "SUAVITEL ROSADO 180ML", "description": "", "category": 24, "trademark": 112, "amount": 1, "stock": 2, "capacity": 0, "price_cost": 970.0, "price_sale": 1200.0, "is_store": true, "is_active": true, "date_record": "2020-09-12T01:23:09.934Z", "date_update": "2020-09-12T01:23:09.934Z"}}, {"model": "product_app.product", "pk": 55, "fields": {"ref": "0055A", "name": "SUAVITEL MORADO 200ML", "description": "", "category": 24, "trademark": 112, "amount": 1, "stock": 3, "capacity": 0, "price_cost": 970.0, "price_sale": 1200.0, "is_store": true, "is_active": true, "date_record": "2020-09-12T01:23:09.941Z", "date_update": "2020-09-12T01:23:09.941Z"}}, {"model": "product_app.product", "pk": 56, "fields": {"ref": "0056A", "name": "SUAVITEL ROJO 200ML", "description": "", "category": 24, "trademark": 112, "amount": 1, "stock": 1, "capacity": 0, "price_cost": 970.0, "price_sale": 1200.0, "is_store": true, "is_active": true, "date_record": "2020-09-12T01:23:09.950Z", "date_update": "2020-09-12T01:23:09.950Z"}}, {"model": "product_app.product", "pk": 57, "fields": {"ref": "0057A", "name": "SUAVITEL AZUL 200ML", "description": "", "category": 24, "trademark": 112, "amount": 1, "stock": 3, "capacity": 0, "price_cost": 970.0, "price_sale": 1200.0, "is_store": true, "is_active": true, "date_record": "2020-09-12T01:23:09.960Z", "date_update": "2020-09-12T01:23:09.960Z"}}, {"model": "product_app.product", "pk": 58, "fields": {"ref": "0058A", "name": "CORRECTOR KLASE", "description": "", "category": 25, "trademark": 96, "amount": 1, "stock": 12, "capacity": 0, "price_cost": 1000.0, "price_sale": 1300.0, "is_store": true, "is_active": true, "date_record": "2020-09-12T01:23:09.968Z", "date_update": "2020-09-12T01:23:09.968Z"}}, {"model": "product_app.product", "pk": 59, "fields": {"ref": "0059A", "name": "ESPONJA LA MAQUINA", "description": "", "category": 7, "trademark": 96, "amount": 1, "stock": 12, "capacity": 0, "price_cost": 1042.0, "price_sale": 1300.0, "is_store": true, "is_active": true, "date_record": "2020-09-12T01:23:09.980Z", "date_update": "2020-09-12T01:23:09.980Z"}}, {"model": "product_app.product", "pk": 60, "fields": {"ref": "0060A", "name": "CREMA COLGATE TRIPLE ACCION 22G", "description": "", "category": 26, "trademark": 113, "amount": 1, "stock": 12, "capacity": 0, "price_cost": 1025.0, "price_sale": 1200.0, "is_store": true, "is_active": true, "date_record": "2020-09-12T01:23:09.993Z", "date_update": "2020-09-12T01:23:09.993Z"}}, {"model": "product_app.product", "pk": 61, "fields": {"ref": "0061A", "name": "CORTAU\u00d1AS GRANDE", "description": "", "category": 17, "trademark": 96, "amount": 1, "stock": 2, "capacity": 0, "price_cost": 1000.0, "price_sale": 1500.0, "is_store": true, "is_active": true, "date_record": "2020-09-12T01:23:10.001Z", "date_update": "2020-09-12T01:23:10.001Z"}}, {"model": "product_app.product", "pk": 62, "fields": {"ref": "0062A", "name": "REMOVEDOR EKONO", "description": "", "category": 27, "trademark": 96, "amount": 1, "stock": 6, "capacity": 0, "price_cost": 985.0, "price_sale": 1400.0, "is_store": true, "is_active": true, "date_record": "2020-09-12T01:23:10.007Z", "date_update": "2020-09-12T01:23:10.007Z"}}, {"model": "product_app.product", "pk": 63, "fields": {"ref": "0063A", "name": "ENCRESPADOR", "description": "", "category": 28, "trademark": 96, "amount": 1, "stock": 3, "capacity": 0, "price_cost": 1000.0, "price_sale": 1500.0, "is_store": true, "is_active": true, "date_record": "2020-09-12T01:23:10.018Z", "date_update": "2020-09-12T01:23:10.018Z"}}, {"model": "product_app.product", "pk": 64, "fields": {"ref": "0064A", "name": "ESMALTE SURTIDO", "description": "", "category": 29, "trademark": 96, "amount": 1, "stock": 12, "capacity": 0, "price_cost": 1000.0, "price_sale": 1500.0, "is_store": true, "is_active": true, "date_record": "2020-09-12T01:23:10.032Z", "date_update": "2020-09-12T01:23:10.032Z"}}, {"model": "product_app.product", "pk": 65, "fields": {"ref": "0065A", "name": "INTERVEL 10G", "description": "", "category": 30, "trademark": 96, "amount": 1, "stock": 12, "capacity": 0, "price_cost": 1200.0, "price_sale": 1500.0, "is_store": true, "is_active": true, "date_record": "2020-09-12T01:23:10.038Z", "date_update": "2020-09-12T01:23:10.038Z"}}, {"model": "product_app.product", "pk": 66, "fields": {"ref": "0066A", "name": "IRIS NEGRO", "description": "", "category": 31, "trademark": 96, "amount": 1, "stock": 3, "capacity": 0, "price_cost": 1300.0, "price_sale": 1600.0, "is_store": true, "is_active": true, "date_record": "2020-09-12T01:23:10.048Z", "date_update": "2020-09-12T01:23:10.048Z"}}, {"model": "product_app.product", "pk": 67, "fields": {"ref": "0067A", "name": "IRIS AZUL", "description": "", "category": 31, "trademark": 96, "amount": 1, "stock": 2, "capacity": 0, "price_cost": 1300.0, "price_sale": 1600.0, "is_store": true, "is_active": true, "date_record": "2020-09-12T01:23:10.060Z", "date_update": "2020-09-12T01:23:10.060Z"}}, {"model": "product_app.product", "pk": 68, "fields": {"ref": "0068A", "name": "CINTA ENMASCARAR MED", "description": "", "category": 22, "trademark": 96, "amount": 1, "stock": 6, "capacity": 0, "price_cost": 1350.0, "price_sale": 1700.0, "is_store": true, "is_active": true, "date_record": "2020-09-12T01:23:10.074Z", "date_update": "2020-09-12T01:23:10.074Z"}}, {"model": "product_app.product", "pk": 69, "fields": {"ref": "0069A", "name": "CEPILLO COLGATE ADULTO", "description": "", "category": 32, "trademark": 113, "amount": 1, "stock": 12, "capacity": 0, "price_cost": 1375.0, "price_sale": 1800.0, "is_store": true, "is_active": true, "date_record": "2020-09-12T01:23:10.085Z", "date_update": "2020-09-12T01:23:10.085Z"}}, {"model": "product_app.product", "pk": 70, "fields": {"ref": "0070A", "name": "CEPILLO COLGATE NI\u00d1O", "description": "", "category": 32, "trademark": 113, "amount": 1, "stock": 12, "capacity": 0, "price_cost": 1375.0, "price_sale": 1800.0, "is_store": true, "is_active": true, "date_record": "2020-09-12T01:23:10.095Z", "date_update": "2020-09-12T01:23:10.095Z"}}, {"model": "product_app.product", "pk": 71, "fields": {"ref": "0071A", "name": "CEPILLO PRO", "description": "", "category": 32, "trademark": 114, "amount": 1, "stock": 12, "capacity": 0, "price_cost": 1633.0, "price_sale": 2000.0, "is_store": true, "is_active": true, "date_record": "2020-09-12T01:23:10.120Z", "date_update": "2020-09-12T01:23:10.120Z"}}, {"model": "product_app.product", "pk": 72, "fields": {"ref": "0072A", "name": "JABON REXONA SURTIDO", "description": "", "category": 33, "trademark": 115, "amount": 1, "stock": 6, "capacity": 0, "price_cost": 1700.0, "price_sale": 2100.0, "is_store": true, "is_active": true, "date_record": "2020-09-12T01:23:10.132Z", "date_update": "2020-09-12T01:23:10.132Z"}}, {"model": "product_app.product", "pk": 73, "fields": {"ref": "0073A", "name": "SILICONA 60ML", "description": "", "category": 5, "trademark": 96, "amount": 1, "stock": 3, "capacity": 0, "price_cost": 1650.0, "price_sale": 2100.0, "is_store": true, "is_active": true, "date_record": "2020-09-12T01:23:10.149Z", "date_update": "2020-09-12T01:23:10.149Z"}}, {"model": "product_app.product", "pk": 74, "fields": {"ref": "0074A", "name": "CINTA ENMASCARAR GR", "description": "", "category": 22, "trademark": 96, "amount": 1, "stock": 6, "capacity": 0, "price_cost": 1650.0, "price_sale": 2100.0, "is_store": true, "is_active": true, "date_record": "2020-09-12T01:23:10.164Z", "date_update": "2020-09-12T01:23:10.164Z"}}, {"model": "product_app.product", "pk": 75, "fields": {"ref": "0075A", "name": "JABON JOHNSON SURTIDO", "description": "", "category": 33, "trademark": 105, "amount": 1, "stock": 12, "capacity": 0, "price_cost": 1750.0, "price_sale": 2100.0, "is_store": true, "is_active": true, "date_record": "2020-09-12T01:23:10.170Z", "date_update": "2020-09-12T01:23:10.170Z"}}, {"model": "product_app.product", "pk": 76, "fields": {"ref": "0076A", "name": "JABON PALMOLIVE SURTIDO", "description": "", "category": 33, "trademark": 116, "amount": 1, "stock": 13, "capacity": 0, "price_cost": 1750.0, "price_sale": 2100.0, "is_store": true, "is_active": true, "date_record": "2020-09-12T01:23:10.184Z", "date_update": "2020-09-12T01:23:10.184Z"}}, {"model": "product_app.product", "pk": 77, "fields": {"ref": "0077A", "name": "POLIMEROS", "description": "", "category": 30, "trademark": 96, "amount": 1, "stock": 12, "capacity": 0, "price_cost": 1850.0, "price_sale": 2200.0, "is_store": true, "is_active": true, "date_record": "2020-09-12T01:23:10.195Z", "date_update": "2020-09-12T01:23:10.195Z"}}, {"model": "product_app.product", "pk": 78, "fields": {"ref": "0078A", "name": "TEMPERAS MARFIL 6UND", "description": "", "category": 34, "trademark": 117, "amount": 1, "stock": 6, "capacity": 0, "price_cost": 1850.0, "price_sale": 2300.0, "is_store": true, "is_active": true, "date_record": "2020-09-12T01:23:10.208Z", "date_update": "2020-09-12T01:23:10.208Z"}}, {"model": "product_app.product", "pk": 79, "fields": {"ref": "0079A", "name": "AXION 235G", "description": "", "category": 21, "trademark": 110, "amount": 1, "stock": 12, "capacity": 0, "price_cost": 1890.0, "price_sale": 2300.0, "is_store": true, "is_active": true, "date_record": "2020-09-12T01:23:10.216Z", "date_update": "2020-09-12T01:23:10.216Z"}}, {"model": "product_app.product", "pk": 80, "fields": {"ref": "0080A", "name": "JABON PROTEX SURTIDO", "description": "", "category": 33, "trademark": 118, "amount": 1, "stock": 11, "capacity": 0, "price_cost": 2000.0, "price_sale": 2350.0, "is_store": true, "is_active": true, "date_record": "2020-09-12T01:23:10.230Z", "date_update": "2020-09-12T01:23:10.230Z"}}, {"model": "product_app.product", "pk": 81, "fields": {"ref": "0081A", "name": "CREMA COLGATE BLANCA 60G", "description": "", "category": 26, "trademark": 113, "amount": 1, "stock": 12, "capacity": 0, "price_cost": 2042.0, "price_sale": 2400.0, "is_store": true, "is_active": true, "date_record": "2020-09-12T01:23:10.237Z", "date_update": "2020-09-12T01:23:10.237Z"}}, {"model": "product_app.product", "pk": 82, "fields": {"ref": "0082A", "name": "CREMA COLGATE TRIPLE ACCION 60G", "description": "", "category": 26, "trademark": 113, "amount": 1, "stock": 12, "capacity": 0, "price_cost": 2083.0, "price_sale": 2400.0, "is_store": true, "is_active": true, "date_record": "2020-09-12T01:23:10.244Z", "date_update": "2020-09-12T01:23:10.244Z"}}, {"model": "product_app.product", "pk": 83, "fields": {"ref": "0083A", "name": "PRACTICREMA LADY SPEED STICK 60G", "description": "", "category": 10, "trademark": 103, "amount": 1, "stock": 6, "capacity": 0, "price_cost": 2100.0, "price_sale": 2500.0, "is_store": true, "is_active": true, "date_record": "2020-09-12T01:23:10.253Z", "date_update": "2020-09-12T01:23:10.253Z"}}, {"model": "product_app.product", "pk": 84, "fields": {"ref": "0084A", "name": "PRACTICREMA SPEED STICK 60G", "description": "", "category": 10, "trademark": 99, "amount": 1, "stock": 6, "capacity": 0, "price_cost": 2100.0, "price_sale": 2500.0, "is_store": true, "is_active": true, "date_record": "2020-09-12T01:23:10.265Z", "date_update": "2020-09-12T01:23:10.265Z"}}, {"model": "product_app.product", "pk": 85, "fields": {"ref": "0085A", "name": "CREMA YODORA TUBO 60G", "description": "", "category": 10, "trademark": 119, "amount": 1, "stock": 6, "capacity": 0, "price_cost": 2100.0, "price_sale": 2600.0, "is_store": true, "is_active": true, "date_record": "2020-09-12T01:23:10.274Z", "date_update": "2020-09-12T01:23:10.275Z"}}, {"model": "product_app.product", "pk": 86, "fields": {"ref": "0086A", "name": "TOALLA STAYFREE", "description": "", "category": 35, "trademark": 120, "amount": 1, "stock": 0, "capacity": 0, "price_cost": 236.0, "price_sale": 300.0, "is_store": true, "is_active": true, "date_record": "2020-09-12T01:23:10.286Z", "date_update": "2020-09-12T01:23:10.286Z"}}, {"model": "product_app.product", "pk": 87, "fields": {"ref": "0086A", "name": "TOALLA STAYFREE 12UND", "description": "", "category": 35, "trademark": 120, "amount": 12, "stock": 24, "capacity": 0, "price_cost": 2360.0, "price_sale": 3000.0, "is_store": true, "is_active": true, "date_record": "2020-09-12T01:23:10.300Z", "date_update": "2020-09-12T01:23:10.300Z"}}, {"model": "product_app.product", "pk": 88, "fields": {"ref": "0087A", "name": "REMOVEDOR LANDER", "description": "", "category": 27, "trademark": 121, "amount": 1, "stock": 6, "capacity": 0, "price_cost": 3300.0, "price_sale": 3900.0, "is_store": true, "is_active": true, "date_record": "2020-09-12T01:23:10.320Z", "date_update": "2020-09-12T01:23:10.320Z"}}, {"model": "product_app.product", "pk": 89, "fields": {"ref": "0088A", "name": "BOMBILLO LINEAL", "description": "", "category": 36, "trademark": 96, "amount": 1, "stock": 2, "capacity": 0, "price_cost": 3700.0, "price_sale": 4300.0, "is_store": true, "is_active": true, "date_record": "2020-09-12T01:23:10.332Z", "date_update": "2020-09-12T01:23:10.332Z"}}, {"model": "product_app.product", "pk": 90, "fields": {"ref": "0089A", "name": "BOMBILLO ESPIRAL", "description": "", "category": 36, "trademark": 96, "amount": 1, "stock": 2, "capacity": 0, "price_cost": 4000.0, "price_sale": 4500.0, "is_store": true, "is_active": true, "date_record": "2020-09-12T01:23:10.344Z", "date_update": "2020-09-12T01:23:10.344Z"}}, {"model": "product_app.product", "pk": 91, "fields": {"ref": "0090A", "name": "ALCOHOL OSA 700ML", "description": "", "category": 37, "trademark": 106, "amount": 1, "stock": 24, "capacity": 0, "price_cost": 3840.0, "price_sale": 5000.0, "is_store": true, "is_active": true, "date_record": "2020-09-12T01:23:10.353Z", "date_update": "2020-09-12T01:23:10.353Z"}}, {"model": "product_app.product", "pk": 92, "fields": {"ref": "0091A", "name": "BOMBILLO LED", "description": "", "category": 36, "trademark": 96, "amount": 1, "stock": 6, "capacity": 0, "price_cost": 4500.0, "price_sale": 5000.0, "is_store": true, "is_active": true, "date_record": "2020-09-12T01:23:10.365Z", "date_update": "2020-09-12T01:23:10.365Z"}}, {"model": "product_app.product", "pk": 93, "fields": {"ref": "0092A", "name": "TALCO REXONA 60G", "description": "", "category": 38, "trademark": 115, "amount": 1, "stock": 6, "capacity": 0, "price_cost": 4300.0, "price_sale": 5000.0, "is_store": true, "is_active": true, "date_record": "2020-09-12T01:23:10.371Z", "date_update": "2020-09-12T01:23:10.371Z"}}, {"model": "product_app.product", "pk": 94, "fields": {"ref": "0093A", "name": "TALCO YODORA 60G", "description": "", "category": 38, "trademark": 119, "amount": 1, "stock": 6, "capacity": 0, "price_cost": 4300.0, "price_sale": 5000.0, "is_store": true, "is_active": true, "date_record": "2020-09-12T01:23:10.381Z", "date_update": "2020-09-12T01:23:10.381Z"}}, {"model": "product_app.product", "pk": 95, "fields": {"ref": "0094A", "name": "DET 4K TODOTERRENO 450 G", "description": "", "category": 39, "trademark": 122, "amount": 1, "stock": 3, "capacity": 0, "price_cost": 1520.0, "price_sale": 1900.0, "is_store": true, "is_active": true, "date_record": "2020-09-12T01:23:10.391Z", "date_update": "2020-09-12T01:23:10.391Z"}}, {"model": "product_app.product", "pk": 96, "fields": {"ref": "0095A", "name": "DET 4K TODOTERRENO 950G", "description": "", "category": 39, "trademark": 122, "amount": 1, "stock": 3, "capacity": 0, "price_cost": 3150.0, "price_sale": 3900.0, "is_store": true, "is_active": true, "date_record": "2020-09-12T01:23:10.401Z", "date_update": "2020-09-12T01:23:10.401Z"}}, {"model": "product_app.product", "pk": 97, "fields": {"ref": "0096A", "name": "DET AK1 FLORAL Y MANZANA 180G", "description": "", "category": 39, "trademark": 123, "amount": 1, "stock": 6, "capacity": 0, "price_cost": 925.0, "price_sale": 1200.0, "is_store": true, "is_active": true, "date_record": "2020-09-12T01:23:10.414Z", "date_update": "2020-09-12T01:23:10.414Z"}}, {"model": "product_app.product", "pk": 98, "fields": {"ref": "0097A", "name": "DET AK1 FLORAL Y MANZANA 3KG", "description": "", "category": 39, "trademark": 123, "amount": 1, "stock": 2, "capacity": 0, "price_cost": 12250.0, "price_sale": 14000.0, "is_store": true, "is_active": true, "date_record": "2020-09-12T01:23:10.422Z", "date_update": "2020-09-12T01:23:10.423Z"}}, {"model": "product_app.product", "pk": 99, "fields": {"ref": "0098A", "name": "DET AK1 FLORAL Y MANZANA 900G", "description": "", "category": 39, "trademark": 123, "amount": 1, "stock": 6, "capacity": 0, "price_cost": 4440.0, "price_sale": 5000.0, "is_store": true, "is_active": true, "date_record": "2020-09-12T01:23:10.434Z", "date_update": "2020-09-12T01:23:10.434Z"}}, {"model": "product_app.product", "pk": 100, "fields": {"ref": "0099A", "name": "PA\u00d1UELO FAMILIA", "description": "", "category": 40, "trademark": 124, "amount": 1, "stock": 20, "capacity": 0, "price_cost": 745.0, "price_sale": 1000.0, "is_store": true, "is_active": true, "date_record": "2020-09-12T01:23:10.452Z", "date_update": "2020-09-12T01:23:10.452Z"}}, {"model": "product_app.product", "pk": 101, "fields": {"ref": "0100A", "name": "ESPONJA ORO Y PLATA", "description": "", "category": 7, "trademark": 96, "amount": 1, "stock": 24, "capacity": 0, "price_cost": 908.0, "price_sale": 1200.0, "is_store": true, "is_active": true, "date_record": "2020-09-12T01:23:10.463Z", "date_update": "2020-09-12T01:23:10.463Z"}}, {"model": "product_app.product", "pk": 102, "fields": {"ref": "0101A", "name": "ESPONJA PLAS DOBLE", "description": "", "category": 7, "trademark": 96, "amount": 1, "stock": 24, "capacity": 0, "price_cost": 349.0, "price_sale": 500.0, "is_store": true, "is_active": true, "date_record": "2020-09-12T01:23:10.469Z", "date_update": "2020-09-12T01:23:10.469Z"}}, {"model": "product_app.product", "pk": 103, "fields": {"ref": "0102A", "name": "GUANTES REY AMARILLO", "description": "", "category": 41, "trademark": 96, "amount": 1, "stock": 5, "capacity": 0, "price_cost": 2150.0, "price_sale": 2600.0, "is_store": true, "is_active": true, "date_record": "2020-09-12T01:23:10.482Z", "date_update": "2020-09-12T01:23:10.482Z"}}, {"model": "product_app.product", "pk": 104, "fields": {"ref": "0103A", "name": "GUANTES REY NEGRO", "description": "", "category": 41, "trademark": 96, "amount": 1, "stock": 8, "capacity": 0, "price_cost": 2600.0, "price_sale": 3150.0, "is_store": true, "is_active": true, "date_record": "2020-09-12T01:23:10.487Z", "date_update": "2020-09-12T01:23:10.487Z"}}, {"model": "product_app.product", "pk": 105, "fields": {"ref": "0104A", "name": "JABON CAREY", "description": "", "category": 33, "trademark": 125, "amount": 1, "stock": 12, "capacity": 0, "price_cost": 1328.0, "price_sale": 1600.0, "is_store": true, "is_active": true, "date_record": "2020-09-12T01:23:10.502Z", "date_update": "2020-09-12T01:23:10.502Z"}}, {"model": "product_app.product", "pk": 106, "fields": {"ref": "0105A", "name": "JABON COCO MORADO", "description": "", "category": 42, "trademark": 126, "amount": 1, "stock": 6, "capacity": 0, "price_cost": 1166.0, "price_sale": 1500.0, "is_store": true, "is_active": true, "date_record": "2020-09-12T01:23:10.518Z", "date_update": "2020-09-12T01:23:10.518Z"}}, {"model": "product_app.product", "pk": 107, "fields": {"ref": "0106A", "name": "JABON COCO ROSADO", "description": "", "category": 42, "trademark": 126, "amount": 1, "stock": 6, "capacity": 0, "price_cost": 1166.0, "price_sale": 1500.0, "is_store": true, "is_active": true, "date_record": "2020-09-12T01:23:10.527Z", "date_update": "2020-09-12T01:23:10.527Z"}}, {"model": "product_app.product", "pk": 108, "fields": {"ref": "0107A", "name": "JABON LAK", "description": "", "category": 33, "trademark": 127, "amount": 1, "stock": 12, "capacity": 0, "price_cost": 1165.0, "price_sale": 1400.0, "is_store": true, "is_active": true, "date_record": "2020-09-12T01:23:10.540Z", "date_update": "2020-09-12T01:23:10.540Z"}}, {"model": "product_app.product", "pk": 109, "fields": {"ref": "0108A", "name": "JABON SUPER RIEL 200G", "description": "", "category": 42, "trademark": 128, "amount": 1, "stock": 30, "capacity": 0, "price_cost": 787.0, "price_sale": 1000.0, "is_store": true, "is_active": true, "date_record": "2020-09-12T01:23:10.556Z", "date_update": "2020-09-12T01:23:10.556Z"}}, {"model": "product_app.product", "pk": 110, "fields": {"ref": "0109A", "name": "JABON SUPER RIEL 400G", "description": "", "category": 42, "trademark": 128, "amount": 1, "stock": 12, "capacity": 0, "price_cost": 1605.0, "price_sale": 2000.0, "is_store": true, "is_active": true, "date_record": "2020-09-12T01:23:10.567Z", "date_update": "2020-09-12T01:23:10.567Z"}}, {"model": "product_app.product", "pk": 111, "fields": {"ref": "0110A", "name": "LIMPIADOR AZULKLEAN AZUL 200ML", "description": "", "category": 23, "trademark": 129, "amount": 1, "stock": 2, "capacity": 0, "price_cost": 880.0, "price_sale": 1100.0, "is_store": true, "is_active": true, "date_record": "2020-09-12T01:23:10.578Z", "date_update": "2020-09-12T01:23:10.578Z"}}, {"model": "product_app.product", "pk": 112, "fields": {"ref": "0111A", "name": "LIMPIADOR AZULKLEAN ROSADO 200ML", "description": "", "category": 23, "trademark": 129, "amount": 1, "stock": 2, "capacity": 0, "price_cost": 880.0, "price_sale": 1100.0, "is_store": true, "is_active": true, "date_record": "2020-09-12T01:23:10.584Z", "date_update": "2020-09-12T01:23:10.584Z"}}, {"model": "product_app.product", "pk": 113, "fields": {"ref": "0112A", "name": "LIMPIADOR AZULKLEAN MORADO 200ML", "description": "", "category": 23, "trademark": 129, "amount": 1, "stock": 2, "capacity": 0, "price_cost": 880.0, "price_sale": 1100.0, "is_store": true, "is_active": true, "date_record": "2020-09-12T01:23:10.591Z", "date_update": "2020-09-12T01:23:10.591Z"}}, {"model": "product_app.product", "pk": 114, "fields": {"ref": "0113A", "name": "PA\u00d1AL PEQUE\u00d1IN ET1", "description": "", "category": 43, "trademark": 130, "amount": 1, "stock": 0, "capacity": 0, "price_cost": 433.0, "price_sale": 500.0, "is_store": true, "is_active": true, "date_record": "2020-09-12T01:23:10.603Z", "date_update": "2020-09-12T01:23:10.603Z"}}, {"model": "product_app.product", "pk": 115, "fields": {"ref": "0114A", "name": "PA\u00d1AL PEQUE\u00d1IN ET2", "description": "", "category": 43, "trademark": 130, "amount": 1, "stock": 0, "capacity": 0, "price_cost": 520.0, "price_sale": 600.0, "is_store": true, "is_active": true, "date_record": "2020-09-12T01:23:10.613Z", "date_update": "2020-09-12T01:23:10.613Z"}}, {"model": "product_app.product", "pk": 116, "fields": {"ref": "0115A", "name": "PA\u00d1AL PEQUE\u00d1IN ET3", "description": "", "category": 43, "trademark": 130, "amount": 1, "stock": 0, "capacity": 0, "price_cost": 635.0, "price_sale": 800.0, "is_store": true, "is_active": true, "date_record": "2020-09-12T01:23:10.619Z", "date_update": "2020-09-12T01:23:10.619Z"}}, {"model": "product_app.product", "pk": 117, "fields": {"ref": "0116A", "name": "PA\u00d1AL PEQUE\u00d1IN ET4", "description": "", "category": 43, "trademark": 130, "amount": 1, "stock": 0, "capacity": 0, "price_cost": 788.0, "price_sale": 1000.0, "is_store": true, "is_active": true, "date_record": "2020-09-12T01:23:10.629Z", "date_update": "2020-09-12T01:23:10.629Z"}}, {"model": "product_app.product", "pk": 118, "fields": {"ref": "0117A", "name": "PA\u00d1AL PEQUE\u00d1IN ET5", "description": "", "category": 43, "trademark": 130, "amount": 1, "stock": 0, "capacity": 0, "price_cost": 863.0, "price_sale": 1100.0, "is_store": true, "is_active": true, "date_record": "2020-09-12T01:23:10.639Z", "date_update": "2020-09-12T01:23:10.639Z"}}, {"model": "product_app.product", "pk": 119, "fields": {"ref": "0113A", "name": "PA\u00d1AL PEQUE\u00d1IN ET1 30UND", "description": "", "category": 43, "trademark": 130, "amount": 30, "stock": 2, "capacity": 0, "price_cost": 13000.0, "price_sale": 14900.0, "is_store": true, "is_active": true, "date_record": "2020-09-12T01:23:10.649Z", "date_update": "2020-09-12T01:23:10.649Z"}}, {"model": "product_app.product", "pk": 120, "fields": {"ref": "0114A", "name": "PA\u00d1AL PEQUE\u00d1IN ET2 30UND", "description": "", "category": 43, "trademark": 130, "amount": 30, "stock": 1, "capacity": 0, "price_cost": 15600.0, "price_sale": 17900.0, "is_store": true, "is_active": true, "date_record": "2020-09-12T01:23:10.654Z", "date_update": "2020-09-12T01:23:10.654Z"}}, {"model": "product_app.product", "pk": 121, "fields": {"ref": "0115A", "name": "PA\u00d1AL PEQUE\u00d1IN ET3 30UND", "description": "", "category": 43, "trademark": 130, "amount": 30, "stock": 2, "capacity": 0, "price_cost": 19050.0, "price_sale": 22900.0, "is_store": true, "is_active": true, "date_record": "2020-09-12T01:23:10.664Z", "date_update": "2020-09-12T01:23:10.664Z"}}, {"model": "product_app.product", "pk": 122, "fields": {"ref": "0116A", "name": "PA\u00d1AL PEQUE\u00d1IN ET4 30UND", "description": "", "category": 43, "trademark": 130, "amount": 30, "stock": 2, "capacity": 0, "price_cost": 23650.0, "price_sale": 29100.0, "is_store": true, "is_active": true, "date_record": "2020-09-12T01:23:10.670Z", "date_update": "2020-09-12T01:23:10.670Z"}}, {"model": "product_app.product", "pk": 123, "fields": {"ref": "0117A", "name": "PA\u00d1AL PEQUE\u00d1IN ET5 30UND", "description": "", "category": 43, "trademark": 130, "amount": 30, "stock": 2, "capacity": 0, "price_cost": 25900.0, "price_sale": 32400.0, "is_store": true, "is_active": true, "date_record": "2020-09-12T01:23:10.680Z", "date_update": "2020-09-12T01:23:10.680Z"}}, {"model": "product_app.product", "pk": 124, "fields": {"ref": "0118A", "name": "PANITOS PEQUE\u00d1IN 100UND", "description": "", "category": 44, "trademark": 130, "amount": 1, "stock": 3, "capacity": 0, "price_cost": 7100.0, "price_sale": 8900.0, "is_store": true, "is_active": true, "date_record": "2020-09-12T01:23:10.687Z", "date_update": "2020-09-12T01:23:10.687Z"}}, {"model": "product_app.product", "pk": 125, "fields": {"ref": "0119A", "name": "PANITOS PEQUE\u00d1IN 1UND", "description": "", "category": 44, "trademark": 130, "amount": 1, "stock": 24, "capacity": 0, "price_cost": 105.0, "price_sale": 200.0, "is_store": true, "is_active": true, "date_record": "2020-09-12T01:23:10.695Z", "date_update": "2020-09-12T01:23:10.695Z"}}, {"model": "product_app.product", "pk": 126, "fields": {"ref": "0120A", "name": "PANITOS PEQUE\u00d1IN 24UND", "description": "", "category": 44, "trademark": 130, "amount": 1, "stock": 23, "capacity": 0, "price_cost": 1787.0, "price_sale": 2300.0, "is_store": true, "is_active": true, "date_record": "2020-09-12T01:23:10.702Z", "date_update": "2020-09-12T01:23:10.702Z"}}, {"model": "product_app.product", "pk": 127, "fields": {"ref": "0121A", "name": "PANITOS PEQUE\u00d1IN 70UND", "description": "", "category": 44, "trademark": 130, "amount": 1, "stock": 3, "capacity": 0, "price_cost": 5450.0, "price_sale": 6900.0, "is_store": true, "is_active": true, "date_record": "2020-09-12T01:23:10.712Z", "date_update": "2020-09-12T01:23:10.712Z"}}, {"model": "product_app.product", "pk": 128, "fields": {"ref": "0122A", "name": "PAPEL HIG FAMILIA AMARILLO", "description": "", "category": 45, "trademark": 124, "amount": 1, "stock": 55, "capacity": 0, "price_cost": 1053.0, "price_sale": 1300.0, "is_store": true, "is_active": true, "date_record": "2020-09-12T01:23:10.718Z", "date_update": "2020-09-12T01:23:10.718Z"}}, {"model": "product_app.product", "pk": 129, "fields": {"ref": "0123A", "name": "PAPEL HIG FAMILIA MORADO", "description": "", "category": 45, "trademark": 124, "amount": 1, "stock": 8, "capacity": 0, "price_cost": 0.0, "price_sale": 1000.0, "is_store": true, "is_active": true, "date_record": "2020-09-12T01:23:10.730Z", "date_update": "2020-09-12T01:23:10.730Z"}}, {"model": "product_app.product", "pk": 130, "fields": {"ref": "0124A", "name": "PAPEL HIG FAMILIA ROJO", "description": "", "category": 45, "trademark": 124, "amount": 1, "stock": 55, "capacity": 0, "price_cost": 1465.0, "price_sale": 1800.0, "is_store": true, "is_active": true, "date_record": "2020-09-12T01:23:10.737Z", "date_update": "2020-09-12T01:23:10.737Z"}}, {"model": "product_app.product", "pk": 131, "fields": {"ref": "0125A", "name": "JABON INT HERBAL 18ML", "description": "", "category": 9, "trademark": 131, "amount": 1, "stock": 6, "capacity": 0, "price_cost": 917.0, "price_sale": 1000.0, "is_store": true, "is_active": true, "date_record": "2020-09-12T01:23:10.750Z", "date_update": "2020-09-12T01:23:10.750Z"}}, {"model": "product_app.product", "pk": 132, "fields": {"ref": "0126A", "name": "SERVILLETA FAMILIA 1A1", "description": "", "category": 46, "trademark": 91, "amount": 1, "stock": 31, "capacity": 0, "price_cost": 1167.0, "price_sale": 1500.0, "is_store": true, "is_active": true, "date_record": "2020-09-12T01:23:10.759Z", "date_update": "2020-09-12T01:23:10.759Z"}}, {"model": "product_app.product", "pk": 133, "fields": {"ref": "0127A", "name": "TOALLA NOSOTRAS CLAS MULT", "description": "", "category": 35, "trademark": 131, "amount": 1, "stock": 0, "capacity": 0, "price_cost": 0.0, "price_sale": 350.0, "is_store": true, "is_active": true, "date_record": "2020-09-12T01:23:10.768Z", "date_update": "2020-09-12T01:23:10.769Z"}}, {"model": "product_app.product", "pk": 134, "fields": {"ref": "0128A", "name": "TOALLA NOSOTRAS CLAS", "description": "", "category": 35, "trademark": 131, "amount": 1, "stock": 0, "capacity": 0, "price_cost": 322.0, "price_sale": 350.0, "is_store": true, "is_active": true, "date_record": "2020-09-12T01:23:10.779Z", "date_update": "2020-09-12T01:23:10.779Z"}}, {"model": "product_app.product", "pk": 135, "fields": {"ref": "0130A", "name": "TOALLA NOSOTRAS PLUS", "description": "", "category": 35, "trademark": 131, "amount": 1, "stock": 0, "capacity": 0, "price_cost": 282.0, "price_sale": 350.0, "is_store": true, "is_active": true, "date_record": "2020-09-12T01:23:10.785Z", "date_update": "2020-09-12T01:23:10.785Z"}}, {"model": "product_app.product", "pk": 136, "fields": {"ref": "0131A", "name": "TOALLA NOSOTRAS RAPIGEL INV", "description": "", "category": 35, "trademark": 131, "amount": 1, "stock": 0, "capacity": 0, "price_cost": 336.0, "price_sale": 400.0, "is_store": true, "is_active": true, "date_record": "2020-09-12T01:23:10.795Z", "date_update": "2020-09-12T01:23:10.795Z"}}, {"model": "product_app.product", "pk": 137, "fields": {"ref": "0127A", "name": "TOALLA NOSOTRAS CLAS MULT 10UND", "description": "", "category": 35, "trademark": 131, "amount": 10, "stock": 1, "capacity": 0, "price_cost": 0.0, "price_sale": 4000.0, "is_store": true, "is_active": true, "date_record": "2020-09-12T01:23:10.802Z", "date_update": "2020-09-12T01:23:10.802Z"}}, {"model": "product_app.product", "pk": 138, "fields": {"ref": "0128A", "name": "TOALLA NOSOTRAS CLAS 10UND", "description": "", "category": 35, "trademark": 131, "amount": 10, "stock": 6, "capacity": 0, "price_cost": 3223.0, "price_sale": 3500.0, "is_store": true, "is_active": true, "date_record": "2020-09-12T01:23:10.809Z", "date_update": "2020-09-12T01:23:10.809Z"}}, {"model": "product_app.product", "pk": 139, "fields": {"ref": "0130A", "name": "TOALLA NOSOTRAS PLUS 10UND", "description": "", "category": 35, "trademark": 131, "amount": 10, "stock": 9, "capacity": 0, "price_cost": 2823.0, "price_sale": 3200.0, "is_store": true, "is_active": true, "date_record": "2020-09-12T01:23:10.817Z", "date_update": "2020-09-12T01:23:10.817Z"}}, {"model": "product_app.product", "pk": 140, "fields": {"ref": "0131A", "name": "TOALLA NOSOTRAS RAPIGEL INV 10UND", "description": "", "category": 35, "trademark": 131, "amount": 10, "stock": 7, "capacity": 0, "price_cost": 3356.0, "price_sale": 4000.0, "is_store": true, "is_active": true, "date_record": "2020-09-12T01:23:10.828Z", "date_update": "2020-09-12T01:23:10.828Z"}}, {"model": "product_app.product", "pk": 141, "fields": {"ref": "0129A", "name": "TOALLA COCINA FAMILIA", "description": "", "category": 47, "trademark": 124, "amount": 1, "stock": 6, "capacity": 0, "price_cost": 1113.0, "price_sale": 1500.0, "is_store": true, "is_active": true, "date_record": "2020-09-12T01:23:10.837Z", "date_update": "2020-09-12T01:23:10.837Z"}}, {"model": "product_app.product", "pk": 142, "fields": {"ref": "0132A", "name": "ESPONJA COLIBRI COLORES", "description": "", "category": 7, "trademark": 97, "amount": 1, "stock": 12, "capacity": 0, "price_cost": 700.0, "price_sale": 900.0, "is_store": true, "is_active": true, "date_record": "2020-09-12T01:23:10.850Z", "date_update": "2020-09-12T01:23:10.850Z"}}, {"model": "product_app.product", "pk": 143, "fields": {"ref": "0133A", "name": "SHAMPOO H&S AZUL 18ML", "description": "", "category": 9, "trademark": 132, "amount": 1, "stock": 24, "capacity": 0, "price_cost": 558.0, "price_sale": 700.0, "is_store": true, "is_active": true, "date_record": "2020-09-12T01:23:10.865Z", "date_update": "2020-09-12T01:23:10.865Z"}}, {"model": "product_app.product", "pk": 144, "fields": {"ref": "0134A", "name": "SHAMPOO H&S ROSADO 18ML", "description": "", "category": 9, "trademark": 132, "amount": 1, "stock": 24, "capacity": 0, "price_cost": 558.0, "price_sale": 700.0, "is_store": true, "is_active": true, "date_record": "2020-09-12T01:23:10.871Z", "date_update": "2020-09-12T01:23:10.871Z"}}, {"model": "product_app.product", "pk": 145, "fields": {"ref": "0135A", "name": "SHAMPOO H&S COCO 18ML", "description": "", "category": 9, "trademark": 132, "amount": 1, "stock": 24, "capacity": 0, "price_cost": 583.0, "price_sale": 700.0, "is_store": true, "is_active": true, "date_record": "2020-09-12T01:23:10.881Z", "date_update": "2020-09-12T01:23:10.881Z"}}, {"model": "product_app.product", "pk": 146, "fields": {"ref": "0136A", "name": "PILA PANASONIC DEDO", "description": "", "category": 48, "trademark": 133, "amount": 1, "stock": 20, "capacity": 0, "price_cost": 1200.0, "price_sale": 1500.0, "is_store": true, "is_active": true, "date_record": "2020-09-12T01:23:10.892Z", "date_update": "2020-09-12T01:23:10.892Z"}}, {"model": "product_app.product", "pk": 147, "fields": {"ref": "0137A", "name": "PILA NALPILUX AAA", "description": "", "category": 48, "trademark": 134, "amount": 1, "stock": 10, "capacity": 0, "price_cost": 1100.0, "price_sale": 1300.0, "is_store": true, "is_active": true, "date_record": "2020-09-12T01:23:10.904Z", "date_update": "2020-09-12T01:23:10.904Z"}}, {"model": "product_app.product", "pk": 148, "fields": {"ref": "0138A", "name": "TOALLA ELLAS NORMAL", "description": "", "category": 35, "trademark": 135, "amount": 1, "stock": 0, "capacity": 0, "price_cost": 155.0, "price_sale": 200.0, "is_store": true, "is_active": true, "date_record": "2020-09-12T01:23:10.916Z", "date_update": "2020-09-12T01:23:10.916Z"}}, {"model": "product_app.product", "pk": 149, "fields": {"ref": "0139A", "name": "TOALLA ELLAS NORTUNA", "description": "", "category": 35, "trademark": 135, "amount": 1, "stock": 0, "capacity": 0, "price_cost": 183.0, "price_sale": 250.0, "is_store": true, "is_active": true, "date_record": "2020-09-12T01:23:10.924Z", "date_update": "2020-09-12T01:23:10.924Z"}}, {"model": "product_app.product", "pk": 150, "fields": {"ref": "01390A", "name": "TOALLA ELLAS NARANJA", "description": "", "category": 35, "trademark": 135, "amount": 1, "stock": 0, "capacity": 0, "price_cost": 0.0, "price_sale": 200.0, "is_store": true, "is_active": true, "date_record": "2020-09-12T01:23:10.933Z", "date_update": "2020-09-12T01:23:10.933Z"}}, {"model": "product_app.product", "pk": 151, "fields": {"ref": "0138A", "name": "TOALLA ELLAS NORMAL 10UND", "description": "", "category": 35, "trademark": 135, "amount": 10, "stock": 24, "capacity": 0, "price_cost": 1550.0, "price_sale": 2000.0, "is_store": true, "is_active": true, "date_record": "2020-09-12T01:23:10.939Z", "date_update": "2020-09-12T01:23:10.939Z"}}, {"model": "product_app.product", "pk": 152, "fields": {"ref": "0139A", "name": "TOALLA ELLAS NORTUNA 18UND", "description": "", "category": 35, "trademark": 135, "amount": 18, "stock": 12, "capacity": 0, "price_cost": 3300.0, "price_sale": 4000.0, "is_store": true, "is_active": true, "date_record": "2020-09-12T01:23:10.953Z", "date_update": "2020-09-12T01:23:10.953Z"}}, {"model": "product_app.product", "pk": 153, "fields": {"ref": "01390A", "name": "TOALLA ELLAS NARANJA 8UND", "description": "", "category": 35, "trademark": 135, "amount": 8, "stock": 0, "capacity": 0, "price_cost": 0.0, "price_sale": 3500.0, "is_store": true, "is_active": true, "date_record": "2020-09-12T01:23:10.963Z", "date_update": "2020-09-12T01:23:10.963Z"}}, {"model": "product_app.product", "pk": 154, "fields": {"ref": "0140A", "name": "LAPIZ MIRADO", "description": "", "category": 20, "trademark": 109, "amount": 1, "stock": 12, "capacity": 0, "price_cost": 525.0, "price_sale": 800.0, "is_store": true, "is_active": true, "date_record": "2020-09-12T01:23:10.970Z", "date_update": "2020-09-12T01:23:10.970Z"}}, {"model": "product_app.product", "pk": 155, "fields": {"ref": "0141A", "name": "LIMPIADOR SANPIC LAVANDA 150ML", "description": "", "category": 23, "trademark": 136, "amount": 1, "stock": 12, "capacity": 0, "price_cost": 940.0, "price_sale": 1100.0, "is_store": true, "is_active": true, "date_record": "2020-09-12T01:23:10.984Z", "date_update": "2020-09-12T01:23:10.984Z"}}, {"model": "product_app.product", "pk": 156, "fields": {"ref": "0142A", "name": "LIMPIADOR SANPIC MANZANA 150ML", "description": "", "category": 23, "trademark": 136, "amount": 1, "stock": 12, "capacity": 0, "price_cost": 940.0, "price_sale": 1100.0, "is_store": true, "is_active": true, "date_record": "2020-09-12T01:23:10.992Z", "date_update": "2020-09-12T01:23:10.992Z"}}, {"model": "product_app.product", "pk": 157, "fields": {"ref": "0143A", "name": "COLADORES", "description": "", "category": 49, "trademark": 96, "amount": 1, "stock": 6, "capacity": 0, "price_cost": 1500.0, "price_sale": 2000.0, "is_store": true, "is_active": true, "date_record": "2020-09-12T01:23:11.001Z", "date_update": "2020-09-12T01:23:11.001Z"}}, {"model": "product_app.product", "pk": 158, "fields": {"ref": "0145A", "name": "CEPILLO ECO", "description": "", "category": 32, "trademark": 96, "amount": 1, "stock": 12, "capacity": 0, "price_cost": 0.0, "price_sale": 1000.0, "is_store": true, "is_active": true, "date_record": "2020-09-12T01:23:11.009Z", "date_update": "2020-09-12T01:23:11.009Z"}}, {"model": "product_app.product", "pk": 159, "fields": {"ref": "0146A", "name": "LIMPIDO BLANQUITA 460ML", "description": "", "category": 50, "trademark": 137, "amount": 1, "stock": 22, "capacity": 0, "price_cost": 755.0, "price_sale": 1000.0, "is_store": true, "is_active": true, "date_record": "2020-09-12T01:23:11.021Z", "date_update": "2020-09-12T01:23:11.021Z"}}, {"model": "product_app.product", "pk": 160, "fields": {"ref": "0147A", "name": "LIMPIDO BLANQUITA ROPACOLOR 450ML", "description": "", "category": 50, "trademark": 137, "amount": 1, "stock": 12, "capacity": 0, "price_cost": 1581.0, "price_sale": 2000.0, "is_store": true, "is_active": true, "date_record": "2020-09-12T01:23:11.031Z", "date_update": "2020-09-12T01:23:11.031Z"}}, {"model": "product_app.product", "pk": 161, "fields": {"ref": "0148A", "name": "DET ARIEL 450G", "description": "", "category": 39, "trademark": 138, "amount": 1, "stock": 24, "capacity": 0, "price_cost": 2406.0, "price_sale": 3300.0, "is_store": true, "is_active": true, "date_record": "2020-09-12T01:23:11.041Z", "date_update": "2020-09-12T01:23:11.041Z"}}, {"model": "product_app.product", "pk": 162, "fields": {"ref": "0149A", "name": "DET ARIEL 225G", "description": "", "category": 39, "trademark": 138, "amount": 1, "stock": 12, "capacity": 0, "price_cost": 1620.0, "price_sale": 1900.0, "is_store": true, "is_active": true, "date_record": "2020-09-12T01:23:11.050Z", "date_update": "2020-09-12T01:23:11.050Z"}}, {"model": "product_app.product", "pk": 163, "fields": {"ref": "0150A", "name": "DET ARIEL 125G", "description": "", "category": 39, "trademark": 138, "amount": 1, "stock": 12, "capacity": 0, "price_cost": 1077.0, "price_sale": 1300.0, "is_store": true, "is_active": true, "date_record": "2020-09-12T01:23:11.058Z", "date_update": "2020-09-12T01:23:11.058Z"}}, {"model": "product_app.product", "pk": 164, "fields": {"ref": "0151A", "name": "DET ARIEL 1KG", "description": "", "category": 39, "trademark": 138, "amount": 1, "stock": 5, "capacity": 0, "price_cost": 5208.0, "price_sale": 6900.0, "is_store": true, "is_active": true, "date_record": "2020-09-12T01:23:11.069Z", "date_update": "2020-09-12T01:23:11.069Z"}}, {"model": "product_app.product", "pk": 165, "fields": {"ref": "0152A", "name": "LIMPIDO CLOROX 530ML", "description": "", "category": 50, "trademark": 137, "amount": 1, "stock": 24, "capacity": 0, "price_cost": 784.0, "price_sale": 1000.0, "is_store": true, "is_active": true, "date_record": "2020-09-12T01:23:11.077Z", "date_update": "2020-09-12T01:23:11.077Z"}}, {"model": "product_app.product", "pk": 166, "fields": {"ref": "0153A", "name": "PA\u00d1AL WINNY ET1", "description": "", "category": 43, "trademark": 139, "amount": 1, "stock": 0, "capacity": 0, "price_cost": 454.0, "price_sale": 500.0, "is_store": true, "is_active": true, "date_record": "2020-09-12T01:23:11.095Z", "date_update": "2020-09-12T01:23:11.095Z"}}, {"model": "product_app.product", "pk": 167, "fields": {"ref": "0154A", "name": "PA\u00d1AL WINNY ET2", "description": "", "category": 43, "trademark": 139, "amount": 1, "stock": 0, "capacity": 0, "price_cost": 560.0, "price_sale": 650.0, "is_store": true, "is_active": true, "date_record": "2020-09-12T01:23:11.102Z", "date_update": "2020-09-12T01:23:11.102Z"}}, {"model": "product_app.product", "pk": 168, "fields": {"ref": "0155A", "name": "PA\u00d1AL WINNY ET3", "description": "", "category": 43, "trademark": 139, "amount": 1, "stock": 0, "capacity": 0, "price_cost": 665.0, "price_sale": 800.0, "is_store": true, "is_active": true, "date_record": "2020-09-12T01:23:11.112Z", "date_update": "2020-09-12T01:23:11.112Z"}}, {"model": "product_app.product", "pk": 169, "fields": {"ref": "0156A", "name": "PA\u00d1AL WINNY ET4", "description": "", "category": 43, "trademark": 139, "amount": 1, "stock": 0, "capacity": 0, "price_cost": 780.0, "price_sale": 900.0, "is_store": true, "is_active": true, "date_record": "2020-09-12T01:23:11.121Z", "date_update": "2020-09-12T01:23:11.121Z"}}, {"model": "product_app.product", "pk": 170, "fields": {"ref": "0157A", "name": "PA\u00d1AL WINNY ET5", "description": "", "category": 43, "trademark": 139, "amount": 1, "stock": 0, "capacity": 0, "price_cost": 900.0, "price_sale": 1100.0, "is_store": true, "is_active": true, "date_record": "2020-09-12T01:23:11.128Z", "date_update": "2020-09-12T01:23:11.128Z"}}, {"model": "product_app.product", "pk": 171, "fields": {"ref": "0153A", "name": "PA\u00d1AL WINNY ET1 30UND", "description": "", "category": 43, "trademark": 139, "amount": 30, "stock": 2, "capacity": 0, "price_cost": 13610.0, "price_sale": 15000.0, "is_store": true, "is_active": true, "date_record": "2020-09-12T01:23:11.135Z", "date_update": "2020-09-12T01:23:11.135Z"}}, {"model": "product_app.product", "pk": 172, "fields": {"ref": "0154A", "name": "PA\u00d1AL WINNY ET2 30UND", "description": "", "category": 43, "trademark": 139, "amount": 30, "stock": 2, "capacity": 0, "price_cost": 16805.0, "price_sale": 19300.0, "is_store": true, "is_active": true, "date_record": "2020-09-12T01:23:11.145Z", "date_update": "2020-09-12T01:23:11.145Z"}}, {"model": "product_app.product", "pk": 173, "fields": {"ref": "0155A", "name": "PA\u00d1AL WINNY ET3 30UND", "description": "", "category": 43, "trademark": 139, "amount": 30, "stock": 2, "capacity": 0, "price_cost": 19973.0, "price_sale": 23700.0, "is_store": true, "is_active": true, "date_record": "2020-09-12T01:23:11.156Z", "date_update": "2020-09-12T01:23:11.156Z"}}, {"model": "product_app.product", "pk": 174, "fields": {"ref": "0156A", "name": "PA\u00d1AL WINNY ET4 30UND", "description": "", "category": 43, "trademark": 139, "amount": 30, "stock": 2, "capacity": 0, "price_cost": 23399.0, "price_sale": 26900.0, "is_store": true, "is_active": true, "date_record": "2020-09-12T01:23:11.169Z", "date_update": "2020-09-12T01:23:11.169Z"}}, {"model": "product_app.product", "pk": 175, "fields": {"ref": "0157A", "name": "PA\u00d1AL WINNY ET5 30UND", "description": "", "category": 43, "trademark": 139, "amount": 30, "stock": 2, "capacity": 0, "price_cost": 27025.0, "price_sale": 31900.0, "is_store": true, "is_active": true, "date_record": "2020-09-12T01:23:11.178Z", "date_update": "2020-09-12T01:23:11.178Z"}}, {"model": "product_app.product", "pk": 176, "fields": {"ref": "0158A", "name": "PA\u00d1ITO WINNY 24UND", "description": "", "category": 44, "trademark": 139, "amount": 1, "stock": 0, "capacity": 0, "price_cost": 1910.0, "price_sale": 2400.0, "is_store": true, "is_active": true, "date_record": "2020-09-12T01:23:11.186Z", "date_update": "2020-09-12T01:23:11.186Z"}}, {"model": "product_app.product", "pk": 177, "fields": {"ref": "0159A", "name": "JABON DOVE MIX 90G", "description": "", "category": 33, "trademark": 140, "amount": 1, "stock": 5, "capacity": 0, "price_cost": 1681.0, "price_sale": 2100.0, "is_store": true, "is_active": true, "date_record": "2020-09-12T01:23:11.210Z", "date_update": "2020-09-12T01:23:11.210Z"}}, {"model": "product_app.product", "pk": 178, "fields": {"ref": "0160A", "name": "JABON COCO 300G", "description": "", "category": 42, "trademark": 141, "amount": 1, "stock": 3, "capacity": 0, "price_cost": 2099.0, "price_sale": 2700.0, "is_store": true, "is_active": true, "date_record": "2020-09-12T01:23:11.223Z", "date_update": "2020-09-12T01:23:11.223Z"}}, {"model": "product_app.product", "pk": 179, "fields": {"ref": "0161A", "name": "VEL ROSITA 220G", "description": "", "category": 42, "trademark": 142, "amount": 1, "stock": 3, "capacity": 0, "price_cost": 1728.0, "price_sale": 2300.0, "is_store": true, "is_active": true, "date_record": "2020-09-12T01:23:11.236Z", "date_update": "2020-09-12T01:23:11.236Z"}}, {"model": "product_app.product", "pk": 180, "fields": {"ref": "0162A", "name": "DET 3D MULTIUSOS 1KG", "description": "", "category": 39, "trademark": 143, "amount": 1, "stock": 5, "capacity": 0, "price_cost": 4286.0, "price_sale": 5500.0, "is_store": true, "is_active": true, "date_record": "2020-09-12T01:23:11.251Z", "date_update": "2020-09-12T01:23:11.251Z"}}, {"model": "product_app.product", "pk": 181, "fields": {"ref": "0163A", "name": "COCO DET LIQ 300ML", "description": "", "category": 42, "trademark": 141, "amount": 1, "stock": 4, "capacity": 0, "price_cost": 3151.0, "price_sale": 3900.0, "is_store": true, "is_active": true, "date_record": "2020-09-12T01:23:11.258Z", "date_update": "2020-09-12T01:23:11.258Z"}}, {"model": "product_app.product", "pk": 182, "fields": {"ref": "0164A", "name": "VEL ROSITA LIQ 300 ML", "description": "", "category": 42, "trademark": 142, "amount": 1, "stock": 4, "capacity": 0, "price_cost": 2720.0, "price_sale": 3400.0, "is_store": true, "is_active": true, "date_record": "2020-09-12T01:23:11.266Z", "date_update": "2020-09-12T01:23:11.266Z"}}, {"model": "product_app.product", "pk": 183, "fields": {"ref": "0165A", "name": "DOVE DEO AZUL ROL 30ML", "description": "", "category": 10, "trademark": null, "amount": 1, "stock": 2, "capacity": 0, "price_cost": 2650.0, "price_sale": 3300.0, "is_store": true, "is_active": true, "date_record": "2020-09-10T15:42:46.612Z", "date_update": "2020-09-10T15:42:46.612Z"}}, {"model": "product_app.product", "pk": 184, "fields": {"ref": "0166A", "name": "REXONA DEO ROL AMARILLO 30ML", "description": "", "category": 10, "trademark": null, "amount": 1, "stock": 2, "capacity": 0, "price_cost": 2650.0, "price_sale": 3300.0, "is_store": true, "is_active": true, "date_record": "2020-09-10T15:42:46.628Z", "date_update": "2020-09-10T15:42:46.628Z"}}, {"model": "product_app.product", "pk": 185, "fields": {"ref": "0167A", "name": "DOVE DEO ROL GRIS 30ML", "description": "", "category": 10, "trademark": null, "amount": 1, "stock": 2, "capacity": 0, "price_cost": 2650.0, "price_sale": 3300.0, "is_store": true, "is_active": true, "date_record": "2020-09-10T15:42:46.643Z", "date_update": "2020-09-10T15:42:46.643Z"}}, {"model": "product_app.product", "pk": 186, "fields": {"ref": "0168A", "name": "REXONA DEO GRIS ROL 30ML", "description": "", "category": 10, "trademark": null, "amount": 1, "stock": 2, "capacity": 0, "price_cost": 2650.0, "price_sale": 3300.0, "is_store": true, "is_active": true, "date_record": "2020-09-10T15:42:46.657Z", "date_update": "2020-09-10T15:42:46.657Z"}}, {"model": "product_app.product", "pk": 187, "fields": {"ref": "0169A", "name": "DET 3D MULTIUSOS 500G", "description": "", "category": 39, "trademark": null, "amount": 1, "stock": 6, "capacity": 0, "price_cost": 2171.0, "price_sale": 2900.0, "is_store": true, "is_active": true, "date_record": "2020-09-10T21:09:54.385Z", "date_update": "2020-09-10T21:09:54.385Z"}}, {"model": "product_app.product", "pk": 188, "fields": {"ref": "0170A", "name": "JABON COCO 200GR", "description": "", "category": 42, "trademark": null, "amount": 1, "stock": 3, "capacity": 0, "price_cost": 1483.0, "price_sale": 1900.0, "is_store": true, "is_active": true, "date_record": "2020-09-10T15:42:46.694Z", "date_update": "2020-09-10T15:42:46.694Z"}}, {"model": "product_app.product", "pk": 189, "fields": {"ref": "0171A", "name": "DET 3D MULTIUSOS 250G", "description": "", "category": 39, "trademark": null, "amount": 1, "stock": 6, "capacity": 0, "price_cost": 1401.0, "price_sale": 1700.0, "is_store": true, "is_active": true, "date_record": "2020-09-10T15:42:46.716Z", "date_update": "2020-09-10T15:42:46.716Z"}}, {"model": "product_app.product", "pk": 190, "fields": {"ref": "0172A", "name": "DET 3D MULTIUSOS 125G", "description": "", "category": 39, "trademark": null, "amount": 1, "stock": 6, "capacity": 0, "price_cost": 700.0, "price_sale": 900.0, "is_store": true, "is_active": true, "date_record": "2020-09-10T21:09:54.393Z", "date_update": "2020-09-10T21:09:54.393Z"}}, {"model": "product_app.product", "pk": 191, "fields": {"ref": "0173A", "name": "AROMATEL AZUL 900ML", "description": "", "category": 24, "trademark": null, "amount": 1, "stock": 2, "capacity": 0, "price_cost": 4979.0, "price_sale": 6000.0, "is_store": true, "is_active": true, "date_record": "2020-09-12T00:09:21.599Z", "date_update": "2020-09-12T00:09:21.599Z"}}, {"model": "product_app.product", "pk": 192, "fields": {"ref": "0174A", "name": "JABON BARRIGON 400G", "description": "", "category": 42, "trademark": null, "amount": 1, "stock": 6, "capacity": 0, "price_cost": 1604.0, "price_sale": 2000.0, "is_store": true, "is_active": true, "date_record": "2020-09-12T00:09:21.608Z", "date_update": "2020-09-12T00:09:21.608Z"}}, {"model": "product_app.product", "pk": 193, "fields": {"ref": "0175A", "name": "DET FAB 450G", "description": "", "category": 39, "trademark": null, "amount": 1, "stock": 6, "capacity": 0, "price_cost": 2591.0, "price_sale": 3000.0, "is_store": true, "is_active": true, "date_record": "2020-09-12T00:09:21.621Z", "date_update": "2020-09-12T00:09:21.621Z"}}, {"model": "product_app.product", "pk": 194, "fields": {"ref": "0176A", "name": "AROMATEL MANDARINA 425ML", "description": "", "category": 24, "trademark": null, "amount": 1, "stock": 2, "capacity": 0, "price_cost": 2083.0, "price_sale": 2400.0, "is_store": true, "is_active": true, "date_record": "2020-09-12T00:09:21.635Z", "date_update": "2020-09-12T00:09:21.635Z"}}, {"model": "product_app.product", "pk": 195, "fields": {"ref": "0177A", "name": "AROMATEL FLORAL 400ML", "description": "", "category": 24, "trademark": null, "amount": 1, "stock": 2, "capacity": 0, "price_cost": 2083.0, "price_sale": 2400.0, "is_store": true, "is_active": true, "date_record": "2020-09-12T00:09:21.646Z", "date_update": "2020-09-12T00:09:21.646Z"}}, {"model": "product_app.product", "pk": 196, "fields": {"ref": "0178A", "name": "AROMATEL MANZANA 400ML", "description": "", "category": 24, "trademark": null, "amount": 1, "stock": 2, "capacity": 0, "price_cost": 2083.0, "price_sale": 2400.0, "is_store": true, "is_active": true, "date_record": "2020-09-12T00:09:21.656Z", "date_update": "2020-09-12T00:09:21.656Z"}}, {"model": "product_app.product", "pk": 197, "fields": {"ref": "0179A", "name": "DET FAB 225G", "description": "", "category": 39, "trademark": null, "amount": 1, "stock": 6, "capacity": 0, "price_cost": 1610.0, "price_sale": 2000.0, "is_store": true, "is_active": true, "date_record": "2020-09-12T00:09:21.668Z", "date_update": "2020-09-12T00:09:21.668Z"}}, {"model": "product_app.product", "pk": 198, "fields": {"ref": "0180A", "name": "JABON PURO 400G", "description": "", "category": 42, "trademark": null, "amount": 1, "stock": 6, "capacity": 0, "price_cost": 1602.0, "price_sale": 2000.0, "is_store": true, "is_active": true, "date_record": "2020-09-12T00:09:21.678Z", "date_update": "2020-09-12T00:09:21.678Z"}}, {"model": "product_app.product", "pk": 199, "fields": {"ref": "0181A", "name": "JABON BARRIGON 220G", "description": "", "category": 42, "trademark": null, "amount": 1, "stock": 6, "capacity": 0, "price_cost": 977.0, "price_sale": 1200.0, "is_store": true, "is_active": true, "date_record": "2020-09-12T00:09:21.687Z", "date_update": "2020-09-12T00:09:21.687Z"}}, {"model": "product_app.product", "pk": 200, "fields": {"ref": "0182A", "name": "DET FAB 100G", "description": "", "category": 39, "trademark": null, "amount": 1, "stock": 6, "capacity": 0, "price_cost": 770.0, "price_sale": 1000.0, "is_store": true, "is_active": true, "date_record": "2020-09-12T00:09:21.701Z", "date_update": "2020-09-12T00:09:21.701Z"}}, {"model": "product_app.product", "pk": 201, "fields": {"ref": "0183A", "name": "JABON PURO 180G", "description": "", "category": 42, "trademark": null, "amount": 1, "stock": 5, "capacity": 0, "price_cost": 700.0, "price_sale": 1000.0, "is_store": true, "is_active": true, "date_record": "2020-09-12T00:09:21.714Z", "date_update": "2020-09-12T00:09:21.714Z"}}, {"model": "product_app.product", "pk": 202, "fields": {"ref": "0184A", "name": "AROMATEL COCO 195ML", "description": "", "category": 24, "trademark": null, "amount": 1, "stock": 8, "capacity": 0, "price_cost": 833.0, "price_sale": 1000.0, "is_store": true, "is_active": true, "date_record": "2020-09-12T00:09:21.754Z", "date_update": "2020-09-12T00:09:21.754Z"}}, {"model": "product_app.product", "pk": 203, "fields": {"ref": "0185A", "name": "AROMATEL AZUL 195ML", "description": "", "category": 24, "trademark": null, "amount": 1, "stock": 1, "capacity": 0, "price_cost": 833.0, "price_sale": 1000.0, "is_store": true, "is_active": true, "date_record": "2020-09-12T00:09:21.734Z", "date_update": "2020-09-12T00:09:21.734Z"}}, {"model": "product_app.product", "pk": 204, "fields": {"ref": "0186A", "name": "AROMATEL MORADO 195ML", "description": "", "category": 24, "trademark": null, "amount": 1, "stock": 2, "capacity": 0, "price_cost": 833.0, "price_sale": 1000.0, "is_store": true, "is_active": true, "date_record": "2020-09-12T00:09:21.742Z", "date_update": "2020-09-12T00:09:21.742Z"}}, {"model": "product_app.product", "pk": 205, "fields": {"ref": "0187A", "name": "AROMATEL VERDE 195ML", "description": "", "category": 24, "trademark": null, "amount": 1, "stock": 0, "capacity": 0, "price_cost": 833.0, "price_sale": 1000.0, "is_store": true, "is_active": true, "date_record": "2020-09-10T14:10:39.571Z", "date_update": "2020-09-10T14:10:39.571Z"}}, {"model": "product_app.product", "pk": 206, "fields": {"ref": "0188A", "name": "PAPEL HIG ROSAL 6UND", "description": "", "category": 45, "trademark": null, "amount": 1, "stock": 8, "capacity": 0, "price_cost": 7785.0, "price_sale": 9000.0, "is_store": true, "is_active": true, "date_record": "2020-09-11T23:52:15.203Z", "date_update": "2020-09-11T23:52:15.203Z"}}, {"model": "product_app.product", "pk": 207, "fields": {"ref": "0189A", "name": "PAPEL HIG ROSAL", "description": "", "category": 45, "trademark": null, "amount": 1, "stock": 28, "capacity": 0, "price_cost": 1392.0, "price_sale": 1600.0, "is_store": true, "is_active": true, "date_record": "2020-09-12T00:00:15.946Z", "date_update": "2020-09-12T00:00:15.946Z"}}, {"model": "product_app.product", "pk": 208, "fields": {"ref": "0190A", "name": "CAREFREE PROTECTORES", "description": "", "category": 35, "trademark": null, "amount": 1, "stock": 165, "capacity": 0, "price_cost": 85.0, "price_sale": 100.0, "is_store": true, "is_active": true, "date_record": "2020-09-12T00:00:15.960Z", "date_update": "2020-09-12T00:00:15.960Z"}}, {"model": "product_app.product", "pk": 209, "fields": {"ref": "0191A", "name": "VANISH ROSA 300ML", "description": "", "category": 42, "trademark": null, "amount": 1, "stock": 3, "capacity": 0, "price_cost": 1938.0, "price_sale": 2300.0, "is_store": true, "is_active": true, "date_record": "2020-09-11T23:52:15.265Z", "date_update": "2020-09-11T23:52:15.265Z"}}, {"model": "product_app.product", "pk": 210, "fields": {"ref": "0192A", "name": "SUNDOWN 8ML", "description": "", "category": 51, "trademark": null, "amount": 1, "stock": 12, "capacity": 0, "price_cost": 2167.0, "price_sale": 2500.0, "is_store": true, "is_active": true, "date_record": "2020-09-11T23:52:15.302Z", "date_update": "2020-09-11T23:52:15.302Z"}}, {"model": "product_app.product", "pk": 211, "fields": {"ref": "0193A", "name": "VANISH BLANCO 180ML", "description": "", "category": 42, "trademark": null, "amount": 1, "stock": 3, "capacity": 0, "price_cost": 1122.0, "price_sale": 1500.0, "is_store": true, "is_active": true, "date_record": "2020-09-11T23:52:15.326Z", "date_update": "2020-09-11T23:52:15.326Z"}}, {"model": "product_app.product", "pk": 212, "fields": {"ref": "0194A", "name": "JABON SUPREMO 200G", "description": "", "category": 21, "trademark": null, "amount": 1, "stock": 24, "capacity": 0, "price_cost": 1145.0, "price_sale": 1300.0, "is_store": true, "is_active": true, "date_record": "2020-09-11T23:52:15.342Z", "date_update": "2020-09-11T23:52:15.342Z"}}, {"model": "product_app.product", "pk": 213, "fields": {"ref": "0195A", "name": "VANISH ROSADO 130ML", "description": "", "category": 42, "trademark": null, "amount": 1, "stock": 3, "capacity": 0, "price_cost": 1122.0, "price_sale": 1500.0, "is_store": true, "is_active": true, "date_record": "2020-09-11T23:52:15.357Z", "date_update": "2020-09-11T23:52:15.357Z"}}, {"model": "product_app.product", "pk": 214, "fields": {"ref": "0196A", "name": "VANISH BLANCO 300ML", "description": "", "category": 42, "trademark": null, "amount": 1, "stock": 3, "capacity": 0, "price_cost": 1938.0, "price_sale": 2300.0, "is_store": true, "is_active": true, "date_record": "2020-09-11T23:52:15.375Z", "date_update": "2020-09-11T23:52:15.375Z"}}, {"model": "product_app.product", "pk": 215, "fields": {"ref": "0197A", "name": "LUBRIDEM NORMAL 10ML", "description": "", "category": 51, "trademark": null, "amount": 1, "stock": 6, "capacity": 0, "price_cost": 1065.0, "price_sale": 1300.0, "is_store": true, "is_active": true, "date_record": "2020-09-11T23:52:15.406Z", "date_update": "2020-09-11T23:52:15.406Z"}}, {"model": "product_app.product", "pk": 216, "fields": {"ref": "0198A", "name": "JABON SUPREMO 300G", "description": "", "category": 21, "trademark": null, "amount": 1, "stock": 24, "capacity": 0, "price_cost": 1505.0, "price_sale": 1900.0, "is_store": true, "is_active": true, "date_record": "2020-09-11T23:52:15.422Z", "date_update": "2020-09-11T23:52:15.422Z"}}, {"model": "product_app.product", "pk": 217, "fields": {"ref": "0199A", "name": "LUBRIDEM UV 10ML", "description": "", "category": 51, "trademark": null, "amount": 1, "stock": 6, "capacity": 0, "price_cost": 1083.0, "price_sale": 1400.0, "is_store": true, "is_active": true, "date_record": "2020-09-11T23:52:15.392Z", "date_update": "2020-09-11T23:52:15.392Z"}}, {"model": "product_app.product", "pk": 218, "fields": {"ref": "0200A", "name": "PA\u00d1UELO SUAVE GOLD", "description": "", "category": 40, "trademark": null, "amount": 1, "stock": 8, "capacity": 0, "price_cost": 0.0, "price_sale": 1000.0, "is_store": true, "is_active": true, "date_record": "2020-09-12T00:00:15.930Z", "date_update": "2020-09-12T00:00:15.930Z"}}, {"model": "product_app.product", "pk": 219, "fields": {"ref": "0201A", "name": "LIMPIDO PATOJITO 450ML", "description": "", "category": 50, "trademark": null, "amount": 1, "stock": 48, "capacity": 0, "price_cost": 688.0, "price_sale": 900.0, "is_store": true, "is_active": true, "date_record": "2020-09-11T01:33:47.738Z", "date_update": "2020-09-11T01:33:47.738Z"}}, {"model": "product_app.product", "pk": 220, "fields": {"ref": "0202A", "name": "LIMPIDO PATOJITO 3700ML", "description": "", "category": 50, "trademark": null, "amount": 1, "stock": 12, "capacity": 0, "price_cost": 5917.0, "price_sale": 6800.0, "is_store": true, "is_active": true, "date_record": "2020-09-11T01:33:47.752Z", "date_update": "2020-09-11T01:33:47.752Z"}}, {"model": "product_app.product", "pk": 221, "fields": {"ref": "0203A", "name": "PRESTOBARBA DORCO DOBLE", "description": "", "category": 12, "trademark": null, "amount": 1, "stock": 23, "capacity": 0, "price_cost": 485.0, "price_sale": 700.0, "is_store": true, "is_active": true, "date_record": "2020-09-11T23:34:25.404Z", "date_update": "2020-09-11T23:34:25.404Z"}}, {"model": "product_app.product", "pk": 222, "fields": {"ref": "0204A", "name": "FABULOSO CLORO 200ML", "description": "", "category": 23, "trademark": null, "amount": 1, "stock": 3, "capacity": 0, "price_cost": 980.0, "price_sale": 1200.0, "is_store": true, "is_active": true, "date_record": "2020-09-11T23:20:15.660Z", "date_update": "2020-09-11T23:20:15.660Z"}}, {"model": "product_app.product", "pk": 223, "fields": {"ref": "0049A", "name": "FABULOSO PRIMAVERA 200ML", "description": "", "category": 23, "trademark": 91, "amount": 1, "stock": 0, "capacity": 0, "price_cost": 980.0, "price_sale": 1200.0, "is_store": true, "is_active": true, "date_record": "2020-09-12T01:20:40.187Z", "date_update": "2020-09-12T01:20:40.187Z"}}, {"model": "product_app.product", "pk": 224, "fields": {"ref": "0205A", "name": "ASPIRINA 500MG", "description": "", "category": 52, "trademark": 92, "amount": 1, "stock": -1, "capacity": 0, "price_cost": 720.0, "price_sale": 900.0, "is_store": true, "is_active": true, "date_record": "2020-09-12T01:29:56.954Z", "date_update": "2020-09-12T01:29:56.955Z"}}, {"model": "product_app.product", "pk": 225, "fields": {"ref": "0206A", "name": "SHAMPOO SAVITAL 25ML", "description": "", "category": 9, "trademark": 93, "amount": 1, "stock": -2, "capacity": 0, "price_cost": 560.0, "price_sale": 700.0, "is_store": true, "is_active": true, "date_record": "2020-09-12T01:33:39.200Z", "date_update": "2020-09-12T01:33:39.200Z"}}, {"model": "product_app.product", "pk": 226, "fields": {"ref": "0207A", "name": "ACONDICIONADOR DOVE 12ML", "description": "", "category": 53, "trademark": 94, "amount": 1, "stock": -2, "capacity": 0, "price_cost": 560.0, "price_sale": 700.0, "is_store": true, "is_active": true, "date_record": "2020-09-12T01:33:39.184Z", "date_update": "2020-09-12T01:33:39.184Z"}}, {"model": "invoice_app.detail", "pk": 1, "fields": {"invoice": 1, "product": 67, "amount": 1.0, "ico": 0.0, "iva": 0.0, "discount": 0.0, "total": 1600.0, "is_promo": false, "is_active": true, "date_record": "2020-09-10T14:11:00Z", "date_update": "2020-09-10T14:11:00Z"}}, {"model": "invoice_app.detail", "pk": 2, "fields": {"invoice": 2, "product": 177, "amount": 5.0, "ico": 0.0, "iva": 0.0, "discount": 0.0, "total": 8403.0, "is_promo": false, "is_active": true, "date_record": "2020-08-24T15:33:00Z", "date_update": "2020-09-10T15:33:00Z"}}, {"model": "invoice_app.detail", "pk": 3, "fields": {"invoice": 2, "product": 178, "amount": 3.0, "ico": 0.0, "iva": 0.0, "discount": 0.0, "total": 6298.0, "is_promo": false, "is_active": true, "date_record": "2020-08-24T15:33:00Z", "date_update": "2020-09-10T15:33:00Z"}}, {"model": "invoice_app.detail", "pk": 4, "fields": {"invoice": 2, "product": 179, "amount": 3.0, "ico": 0.0, "iva": 0.0, "discount": 0.0, "total": 5185.0, "is_promo": false, "is_active": true, "date_record": "2020-08-24T15:33:00Z", "date_update": "2020-09-10T15:33:00Z"}}, {"model": "invoice_app.detail", "pk": 5, "fields": {"invoice": 2, "product": 180, "amount": 6.0, "ico": 0.0, "iva": 0.0, "discount": 0.0, "total": 25716.0, "is_promo": false, "is_active": true, "date_record": "2020-08-24T15:33:00Z", "date_update": "2020-09-10T15:33:00Z"}}, {"model": "invoice_app.detail", "pk": 6, "fields": {"invoice": 2, "product": 181, "amount": 4.0, "ico": 0.0, "iva": 0.0, "discount": 0.0, "total": 12604.0, "is_promo": false, "is_active": true, "date_record": "2020-08-24T15:33:00Z", "date_update": "2020-09-10T15:33:00Z"}}, {"model": "invoice_app.detail", "pk": 7, "fields": {"invoice": 2, "product": 182, "amount": 4.0, "ico": 0.0, "iva": 0.0, "discount": 0.0, "total": 10880.0, "is_promo": false, "is_active": true, "date_record": "2020-08-24T15:33:00Z", "date_update": "2020-09-10T15:33:00Z"}}, {"model": "invoice_app.detail", "pk": 8, "fields": {"invoice": 2, "product": 183, "amount": 2.0, "ico": 0.0, "iva": 0.0, "discount": 0.0, "total": 5300.0, "is_promo": false, "is_active": true, "date_record": "2020-08-24T15:33:00Z", "date_update": "2020-09-10T15:33:00Z"}}, {"model": "invoice_app.detail", "pk": 9, "fields": {"invoice": 2, "product": 184, "amount": 2.0, "ico": 0.0, "iva": 0.0, "discount": 0.0, "total": 5300.0, "is_promo": false, "is_active": true, "date_record": "2020-08-24T15:33:00Z", "date_update": "2020-09-10T15:33:00Z"}}, {"model": "invoice_app.detail", "pk": 10, "fields": {"invoice": 2, "product": 185, "amount": 2.0, "ico": 0.0, "iva": 0.0, "discount": 0.0, "total": 5300.0, "is_promo": false, "is_active": true, "date_record": "2020-08-24T15:33:00Z", "date_update": "2020-09-10T15:33:00Z"}}, {"model": "invoice_app.detail", "pk": 11, "fields": {"invoice": 2, "product": 186, "amount": 2.0, "ico": 0.0, "iva": 0.0, "discount": 0.0, "total": 5300.0, "is_promo": false, "is_active": true, "date_record": "2020-08-24T15:33:00Z", "date_update": "2020-09-10T15:33:00Z"}}, {"model": "invoice_app.detail", "pk": 12, "fields": {"invoice": 2, "product": 187, "amount": 6.0, "ico": 0.0, "iva": 0.0, "discount": 0.0, "total": 13026.0, "is_promo": false, "is_active": true, "date_record": "2020-08-24T15:33:00Z", "date_update": "2020-09-10T15:33:00Z"}}, {"model": "invoice_app.detail", "pk": 13, "fields": {"invoice": 2, "product": 188, "amount": 3.0, "ico": 0.0, "iva": 0.0, "discount": 0.0, "total": 4449.0, "is_promo": false, "is_active": true, "date_record": "2020-08-24T15:33:00Z", "date_update": "2020-09-10T15:33:00Z"}}, {"model": "invoice_app.detail", "pk": 14, "fields": {"invoice": 2, "product": 189, "amount": 6.0, "ico": 0.0, "iva": 0.0, "discount": 0.0, "total": 8406.0, "is_promo": false, "is_active": true, "date_record": "2020-08-24T15:33:00Z", "date_update": "2020-09-10T15:33:00Z"}}, {"model": "invoice_app.detail", "pk": 15, "fields": {"invoice": 2, "product": 190, "amount": 6.0, "ico": 0.0, "iva": 0.0, "discount": 0.0, "total": 4200.0, "is_promo": false, "is_active": true, "date_record": "2020-08-24T15:33:00Z", "date_update": "2020-09-10T15:33:00Z"}}, {"model": "invoice_app.detail", "pk": 16, "fields": {"invoice": 3, "product": 132, "amount": 1.0, "ico": 0.0, "iva": 0.0, "discount": 0.0, "total": 1500.0, "is_promo": false, "is_active": true, "date_record": "2020-09-10T15:45:00Z", "date_update": "2020-09-10T15:45:00Z"}}, {"model": "invoice_app.detail", "pk": 17, "fields": {"invoice": 4, "product": 56, "amount": 1.0, "ico": 0.0, "iva": 0.0, "discount": 0.0, "total": 1200.0, "is_promo": false, "is_active": true, "date_record": "2020-09-10T15:46:00Z", "date_update": "2020-09-10T15:46:00Z"}}, {"model": "invoice_app.detail", "pk": 18, "fields": {"invoice": 5, "product": 91, "amount": 1.0, "ico": 0.0, "iva": 0.0, "discount": 0.0, "total": 5000.0, "is_promo": false, "is_active": true, "date_record": "2020-09-10T23:43:00Z", "date_update": "2020-09-10T23:43:00Z"}}, {"model": "invoice_app.detail", "pk": 19, "fields": {"invoice": 6, "product": 17, "amount": 1.0, "ico": 0.0, "iva": 0.0, "discount": 0.0, "total": 700.0, "is_promo": false, "is_active": true, "date_record": "2020-09-11T01:17:00Z", "date_update": "2020-09-11T01:17:00Z"}}, {"model": "invoice_app.detail", "pk": 20, "fields": {"invoice": 7, "product": 219, "amount": 24.0, "ico": 0.0, "iva": 0.0, "discount": 0.0, "total": 16500.0, "is_promo": false, "is_active": true, "date_record": "2020-09-08T01:28:00Z", "date_update": "2020-09-11T01:28:00Z"}}, {"model": "invoice_app.detail", "pk": 21, "fields": {"invoice": 7, "product": 220, "amount": 6.0, "ico": 0.0, "iva": 0.0, "discount": 0.0, "total": 35500.0, "is_promo": false, "is_active": true, "date_record": "2020-09-08T01:28:00Z", "date_update": "2020-09-11T01:28:00Z"}}, {"model": "invoice_app.detail", "pk": 24, "fields": {"invoice": 9, "product": 142, "amount": 12.0, "ico": 0.0, "iva": 0.0, "discount": 0.0, "total": 8400.0, "is_promo": false, "is_active": true, "date_record": "2020-09-11T01:44:00Z", "date_update": "2020-09-11T01:44:00Z"}}, {"model": "invoice_app.detail", "pk": 25, "fields": {"invoice": 9, "product": 143, "amount": 12.0, "ico": 0.0, "iva": 0.0, "discount": 0.0, "total": 6700.0, "is_promo": false, "is_active": true, "date_record": "2020-09-11T01:44:00Z", "date_update": "2020-09-11T01:44:00Z"}}, {"model": "invoice_app.detail", "pk": 26, "fields": {"invoice": 9, "product": 144, "amount": 12.0, "ico": 0.0, "iva": 0.0, "discount": 0.0, "total": 6700.0, "is_promo": false, "is_active": true, "date_record": "2020-09-11T01:44:00Z", "date_update": "2020-09-11T01:44:00Z"}}, {"model": "invoice_app.detail", "pk": 27, "fields": {"invoice": 9, "product": 145, "amount": 12.0, "ico": 0.0, "iva": 0.0, "discount": 0.0, "total": 7000.0, "is_promo": false, "is_active": true, "date_record": "2020-09-11T01:44:00Z", "date_update": "2020-09-11T01:44:00Z"}}, {"model": "invoice_app.detail", "pk": 28, "fields": {"invoice": 9, "product": 146, "amount": 20.0, "ico": 0.0, "iva": 0.0, "discount": 0.0, "total": 24000.0, "is_promo": false, "is_active": true, "date_record": "2020-09-11T01:44:00Z", "date_update": "2020-09-11T01:44:00Z"}}, {"model": "invoice_app.detail", "pk": 29, "fields": {"invoice": 9, "product": 147, "amount": 10.0, "ico": 0.0, "iva": 0.0, "discount": 0.0, "total": 11000.0, "is_promo": false, "is_active": true, "date_record": "2020-09-11T01:44:00Z", "date_update": "2020-09-11T01:44:00Z"}}, {"model": "invoice_app.detail", "pk": 30, "fields": {"invoice": 9, "product": 151, "amount": 24.0, "ico": 0.0, "iva": 0.0, "discount": 0.0, "total": 37200.0, "is_promo": false, "is_active": true, "date_record": "2020-09-11T01:44:00Z", "date_update": "2020-09-11T01:44:00Z"}}, {"model": "invoice_app.detail", "pk": 31, "fields": {"invoice": 9, "product": 152, "amount": 12.0, "ico": 0.0, "iva": 0.0, "discount": 0.0, "total": 39600.0, "is_promo": false, "is_active": true, "date_record": "2020-09-11T01:44:00Z", "date_update": "2020-09-11T01:44:00Z"}}, {"model": "invoice_app.detail", "pk": 32, "fields": {"invoice": 9, "product": 154, "amount": 12.0, "ico": 0.0, "iva": 0.0, "discount": 0.0, "total": 6300.0, "is_promo": false, "is_active": true, "date_record": "2020-09-11T01:44:00Z", "date_update": "2020-09-11T01:44:00Z"}}, {"model": "invoice_app.detail", "pk": 33, "fields": {"invoice": 9, "product": 155, "amount": 12.0, "ico": 0.0, "iva": 0.0, "discount": 0.0, "total": 11275.0, "is_promo": false, "is_active": true, "date_record": "2020-09-11T01:44:00Z", "date_update": "2020-09-11T01:44:00Z"}}, {"model": "invoice_app.detail", "pk": 34, "fields": {"invoice": 9, "product": 156, "amount": 12.0, "ico": 0.0, "iva": 0.0, "discount": 0.0, "total": 11275.0, "is_promo": false, "is_active": true, "date_record": "2020-09-11T01:44:00Z", "date_update": "2020-09-11T01:44:00Z"}}, {"model": "invoice_app.detail", "pk": 35, "fields": {"invoice": 9, "product": 157, "amount": 6.0, "ico": 0.0, "iva": 0.0, "discount": 0.0, "total": 9000.0, "is_promo": false, "is_active": true, "date_record": "2020-09-11T01:44:00Z", "date_update": "2020-09-11T01:44:00Z"}}, {"model": "invoice_app.detail", "pk": 36, "fields": {"invoice": 10, "product": 159, "amount": 24.0, "ico": 0.0, "iva": 0.0, "discount": 0.0, "total": 18120.0, "is_promo": false, "is_active": true, "date_record": "2020-08-22T02:04:00Z", "date_update": "2020-09-11T02:04:00Z"}}, {"model": "invoice_app.detail", "pk": 37, "fields": {"invoice": 10, "product": 160, "amount": 12.0, "ico": 0.0, "iva": 0.0, "discount": 0.0, "total": 18972.0, "is_promo": false, "is_active": true, "date_record": "2020-08-22T02:04:00Z", "date_update": "2020-09-11T02:04:00Z"}}, {"model": "invoice_app.detail", "pk": 38, "fields": {"invoice": 10, "product": 161, "amount": 24.0, "ico": 0.0, "iva": 0.0, "discount": 0.0, "total": 57744.0, "is_promo": false, "is_active": true, "date_record": "2020-08-22T02:04:00Z", "date_update": "2020-09-11T02:04:00Z"}}, {"model": "invoice_app.detail", "pk": 39, "fields": {"invoice": 10, "product": 162, "amount": 12.0, "ico": 0.0, "iva": 0.0, "discount": 0.0, "total": 19440.0, "is_promo": false, "is_active": true, "date_record": "2020-08-22T02:04:00Z", "date_update": "2020-09-11T02:04:00Z"}}, {"model": "invoice_app.detail", "pk": 40, "fields": {"invoice": 10, "product": 163, "amount": 12.0, "ico": 0.0, "iva": 0.0, "discount": 0.0, "total": 12924.0, "is_promo": false, "is_active": true, "date_record": "2020-08-22T02:04:00Z", "date_update": "2020-09-11T02:04:00Z"}}, {"model": "invoice_app.detail", "pk": 41, "fields": {"invoice": 10, "product": 164, "amount": 5.0, "ico": 0.0, "iva": 0.0, "discount": 0.0, "total": 26040.0, "is_promo": false, "is_active": true, "date_record": "2020-08-22T02:04:00Z", "date_update": "2020-09-11T02:04:00Z"}}, {"model": "invoice_app.detail", "pk": 42, "fields": {"invoice": 11, "product": 165, "amount": 24.0, "ico": 0.0, "iva": 0.0, "discount": 0.0, "total": 18816.0, "is_promo": false, "is_active": true, "date_record": "2020-08-29T02:08:00Z", "date_update": "2020-09-11T02:08:00Z"}}, {"model": "invoice_app.detail", "pk": 43, "fields": {"invoice": 11, "product": 171, "amount": 2.0, "ico": 0.0, "iva": 0.0, "discount": 0.0, "total": 27220.0, "is_promo": false, "is_active": true, "date_record": "2020-08-29T02:08:00Z", "date_update": "2020-09-11T02:08:00Z"}}, {"model": "invoice_app.detail", "pk": 44, "fields": {"invoice": 11, "product": 172, "amount": 2.0, "ico": 0.0, "iva": 0.0, "discount": 0.0, "total": 33610.0, "is_promo": false, "is_active": true, "date_record": "2020-08-29T02:08:00Z", "date_update": "2020-09-11T02:08:00Z"}}, {"model": "invoice_app.detail", "pk": 45, "fields": {"invoice": 11, "product": 174, "amount": 2.0, "ico": 0.0, "iva": 0.0, "discount": 0.0, "total": 46798.0, "is_promo": false, "is_active": true, "date_record": "2020-08-29T02:08:00Z", "date_update": "2020-09-11T02:08:00Z"}}, {"model": "invoice_app.detail", "pk": 46, "fields": {"invoice": 11, "product": 175, "amount": 2.0, "ico": 0.0, "iva": 0.0, "discount": 0.0, "total": 54050.0, "is_promo": false, "is_active": true, "date_record": "2020-08-29T02:08:00Z", "date_update": "2020-09-11T02:08:00Z"}}, {"model": "invoice_app.detail", "pk": 47, "fields": {"invoice": 11, "product": 126, "amount": 3.0, "ico": 0.0, "iva": 0.0, "discount": 0.0, "total": 5731.0, "is_promo": false, "is_active": true, "date_record": "2020-08-29T02:08:00Z", "date_update": "2020-09-11T02:08:00Z"}}, {"model": "invoice_app.detail", "pk": 48, "fields": {"invoice": 11, "product": 173, "amount": 2.0, "ico": 0.0, "iva": 0.0, "discount": 0.0, "total": 39946.0, "is_promo": false, "is_active": true, "date_record": "2020-08-29T02:08:00Z", "date_update": "2020-09-11T02:08:00Z"}}, {"model": "invoice_app.detail", "pk": 49, "fields": {"invoice": 12, "product": 23, "amount": 72.0, "ico": 0.0, "iva": 0.0, "discount": 0.0, "total": 120000.0, "is_promo": false, "is_active": true, "date_record": "2020-08-21T02:16:00Z", "date_update": "2020-09-11T02:16:00Z"}}, {"model": "invoice_app.detail", "pk": 50, "fields": {"invoice": 12, "product": 158, "amount": 12.0, "ico": 0.0, "iva": 0.0, "discount": 0.0, "total": 0.0, "is_promo": true, "is_active": true, "date_record": "2020-08-21T02:16:00Z", "date_update": "2020-09-11T02:16:00Z"}}, {"model": "invoice_app.detail", "pk": 51, "fields": {"invoice": 13, "product": 80, "amount": 1.0, "ico": 0.0, "iva": 0.0, "discount": 0.0, "total": 2300.0, "is_promo": false, "is_active": true, "date_record": "2020-09-11T13:12:00Z", "date_update": "2020-09-11T13:12:00Z"}}, {"model": "invoice_app.detail", "pk": 52, "fields": {"invoice": 14, "product": 221, "amount": 1.0, "ico": 0.0, "iva": 0.0, "discount": 0.0, "total": 700.0, "is_promo": false, "is_active": true, "date_record": "2020-09-11T14:10:00Z", "date_update": "2020-09-11T14:10:00Z"}}, {"model": "invoice_app.detail", "pk": 53, "fields": {"invoice": 14, "product": 203, "amount": 1.0, "ico": 0.0, "iva": 0.0, "discount": 0.0, "total": 1000.0, "is_promo": false, "is_active": true, "date_record": "2020-09-11T14:10:00Z", "date_update": "2020-09-11T14:10:00Z"}}, {"model": "invoice_app.detail", "pk": 54, "fields": {"invoice": 14, "product": 201, "amount": 1.0, "ico": 0.0, "iva": 0.0, "discount": 0.0, "total": 1000.0, "is_promo": false, "is_active": true, "date_record": "2020-09-11T14:10:00Z", "date_update": "2020-09-11T14:10:00Z"}}, {"model": "invoice_app.detail", "pk": 55, "fields": {"invoice": 14, "product": 180, "amount": 1.0, "ico": 0.0, "iva": 0.0, "discount": 0.0, "total": 5500.0, "is_promo": false, "is_active": true, "date_record": "2020-09-11T14:10:00Z", "date_update": "2020-09-11T14:10:00Z"}}, {"model": "invoice_app.detail", "pk": 56, "fields": {"invoice": 14, "product": 51, "amount": 1.0, "ico": 0.0, "iva": 0.0, "discount": 0.0, "total": 1200.0, "is_promo": false, "is_active": true, "date_record": "2020-09-11T14:10:00Z", "date_update": "2020-09-11T14:10:00Z"}}, {"model": "invoice_app.detail", "pk": 57, "fields": {"invoice": 15, "product": 159, "amount": 1.0, "ico": 0.0, "iva": 0.0, "discount": 0.0, "total": 1000.0, "is_promo": false, "is_active": true, "date_record": "2020-09-11T15:28:00Z", "date_update": "2020-09-11T15:28:00Z"}}, {"model": "invoice_app.detail", "pk": 59, "fields": {"invoice": 17, "product": 17, "amount": 1.0, "ico": 0.0, "iva": 0.0, "discount": 0.0, "total": 700.0, "is_promo": false, "is_active": true, "date_record": "2020-09-11T16:12:00Z", "date_update": "2020-09-11T16:12:00Z"}}, {"model": "invoice_app.detail", "pk": 60, "fields": {"invoice": 18, "product": 11, "amount": 1.0, "ico": 0.0, "iva": 0.0, "discount": 0.0, "total": 500.0, "is_promo": false, "is_active": true, "date_record": "2020-09-11T17:38:00Z", "date_update": "2020-09-11T17:38:00Z"}}, {"model": "invoice_app.detail", "pk": 61, "fields": {"invoice": 19, "product": 120, "amount": 1.0, "ico": 0.0, "iva": 0.0, "discount": 0.0, "total": 17900.0, "is_promo": false, "is_active": true, "date_record": "2020-09-11T17:38:00Z", "date_update": "2020-09-11T17:38:00Z"}}, {"model": "invoice_app.detail", "pk": 62, "fields": {"invoice": 20, "product": 69, "amount": 12.0, "ico": 0.0, "iva": 0.0, "discount": 0.0, "total": 16500.0, "is_promo": false, "is_active": true, "date_record": "2020-08-19T22:30:00Z", "date_update": "2020-09-11T22:30:00Z"}}, {"model": "invoice_app.detail", "pk": 63, "fields": {"invoice": 20, "product": 70, "amount": 12.0, "ico": 0.0, "iva": 0.0, "discount": 0.0, "total": 16500.0, "is_promo": false, "is_active": true, "date_record": "2020-08-19T22:30:00Z", "date_update": "2020-09-11T22:30:00Z"}}, {"model": "invoice_app.detail", "pk": 64, "fields": {"invoice": 20, "product": 71, "amount": 12.0, "ico": 0.0, "iva": 0.0, "discount": 0.0, "total": 19600.0, "is_promo": false, "is_active": true, "date_record": "2020-08-19T22:30:00Z", "date_update": "2020-09-11T22:30:00Z"}}, {"model": "invoice_app.detail", "pk": 65, "fields": {"invoice": 20, "product": 82, "amount": 12.0, "ico": 0.0, "iva": 0.0, "discount": 0.0, "total": 25000.0, "is_promo": false, "is_active": true, "date_record": "2020-08-19T22:30:00Z", "date_update": "2020-09-11T22:30:00Z"}}, {"model": "invoice_app.detail", "pk": 66, "fields": {"invoice": 20, "product": 60, "amount": 12.0, "ico": 0.0, "iva": 0.0, "discount": 0.0, "total": 12300.0, "is_promo": false, "is_active": true, "date_record": "2020-08-19T22:30:00Z", "date_update": "2020-09-11T22:30:00Z"}}, {"model": "invoice_app.detail", "pk": 67, "fields": {"invoice": 20, "product": 17, "amount": 18.0, "ico": 0.0, "iva": 0.0, "discount": 0.0, "total": 9900.0, "is_promo": false, "is_active": true, "date_record": "2020-08-19T22:30:00Z", "date_update": "2020-09-11T22:30:00Z"}}, {"model": "invoice_app.detail", "pk": 68, "fields": {"invoice": 20, "product": 16, "amount": 18.0, "ico": 0.0, "iva": 0.0, "discount": 0.0, "total": 9900.0, "is_promo": false, "is_active": true, "date_record": "2020-08-19T22:30:00Z", "date_update": "2020-09-11T22:30:00Z"}}, {"model": "invoice_app.detail", "pk": 69, "fields": {"invoice": 20, "product": 25, "amount": 18.0, "ico": 0.0, "iva": 0.0, "discount": 0.0, "total": 9900.0, "is_promo": false, "is_active": true, "date_record": "2020-08-19T22:30:00Z", "date_update": "2020-09-11T22:30:00Z"}}, {"model": "invoice_app.detail", "pk": 70, "fields": {"invoice": 20, "product": 24, "amount": 18.0, "ico": 0.0, "iva": 0.0, "discount": 0.0, "total": 9900.0, "is_promo": false, "is_active": true, "date_record": "2020-08-19T22:30:00Z", "date_update": "2020-09-11T22:30:00Z"}}, {"model": "invoice_app.detail", "pk": 71, "fields": {"invoice": 20, "product": 83, "amount": 6.0, "ico": 0.0, "iva": 0.0, "discount": 0.0, "total": 12600.0, "is_promo": false, "is_active": true, "date_record": "2020-08-19T22:30:00Z", "date_update": "2020-09-11T22:30:00Z"}}, {"model": "invoice_app.detail", "pk": 72, "fields": {"invoice": 20, "product": 84, "amount": 6.0, "ico": 0.0, "iva": 0.0, "discount": 0.0, "total": 12600.0, "is_promo": false, "is_active": true, "date_record": "2020-08-19T22:30:00Z", "date_update": "2020-09-11T22:30:00Z"}}, {"model": "invoice_app.detail", "pk": 73, "fields": {"invoice": 20, "product": 18, "amount": 18.0, "ico": 0.0, "iva": 0.0, "discount": 0.0, "total": 9900.0, "is_promo": false, "is_active": true, "date_record": "2020-08-19T22:30:00Z", "date_update": "2020-09-11T22:30:00Z"}}, {"model": "invoice_app.detail", "pk": 74, "fields": {"invoice": 20, "product": 19, "amount": 18.0, "ico": 0.0, "iva": 0.0, "discount": 0.0, "total": 9900.0, "is_promo": false, "is_active": true, "date_record": "2020-08-19T22:30:00Z", "date_update": "2020-09-11T22:30:00Z"}}, {"model": "invoice_app.detail", "pk": 75, "fields": {"invoice": 20, "product": 21, "amount": 18.0, "ico": 0.0, "iva": 0.0, "discount": 0.0, "total": 9900.0, "is_promo": false, "is_active": true, "date_record": "2020-08-19T22:30:00Z", "date_update": "2020-09-11T22:30:00Z"}}, {"model": "invoice_app.detail", "pk": 76, "fields": {"invoice": 20, "product": 20, "amount": 18.0, "ico": 0.0, "iva": 0.0, "discount": 0.0, "total": 9900.0, "is_promo": false, "is_active": true, "date_record": "2020-08-19T22:30:00Z", "date_update": "2020-09-11T22:30:00Z"}}, {"model": "invoice_app.detail", "pk": 77, "fields": {"invoice": 20, "product": 79, "amount": 12.0, "ico": 0.0, "iva": 0.0, "discount": 0.0, "total": 22680.0, "is_promo": false, "is_active": true, "date_record": "2020-08-19T22:30:00Z", "date_update": "2020-09-11T22:30:00Z"}}, {"model": "invoice_app.detail", "pk": 78, "fields": {"invoice": 20, "product": 44, "amount": 12.0, "ico": 0.0, "iva": 0.0, "discount": 0.0, "total": 11496.0, "is_promo": false, "is_active": true, "date_record": "2020-08-19T22:30:00Z", "date_update": "2020-09-11T22:30:00Z"}}, {"model": "invoice_app.detail", "pk": 79, "fields": {"invoice": 20, "product": 81, "amount": 12.0, "ico": 0.0, "iva": 0.0, "discount": 0.0, "total": 24500.0, "is_promo": false, "is_active": true, "date_record": "2020-08-19T22:30:00Z", "date_update": "2020-09-11T22:30:00Z"}}, {"model": "invoice_app.detail", "pk": 80, "fields": {"invoice": 21, "product": 51, "amount": 6.0, "ico": 0.0, "iva": 0.0, "discount": 0.0, "total": 9510.0, "is_promo": false, "is_active": true, "date_record": "2020-08-19T22:30:00Z", "date_update": "2020-09-11T22:30:00Z"}}, {"model": "invoice_app.detail", "pk": 81, "fields": {"invoice": 21, "product": 80, "amount": 12.0, "ico": 0.0, "iva": 0.0, "discount": 0.0, "total": 24000.0, "is_promo": false, "is_active": true, "date_record": "2020-08-19T22:30:00Z", "date_update": "2020-09-11T22:30:00Z"}}, {"model": "invoice_app.detail", "pk": 82, "fields": {"invoice": 21, "product": 76, "amount": 12.0, "ico": 0.0, "iva": 0.0, "discount": 0.0, "total": 21000.0, "is_promo": false, "is_active": true, "date_record": "2020-08-19T22:30:00Z", "date_update": "2020-09-11T22:30:00Z"}}, {"model": "invoice_app.detail", "pk": 83, "fields": {"invoice": 21, "product": 76, "amount": 1.0, "ico": 0.0, "iva": 0.0, "discount": 0.0, "total": 0.0, "is_promo": true, "is_active": true, "date_record": "2020-08-19T22:30:00Z", "date_update": "2020-09-11T22:30:00Z"}}, {"model": "invoice_app.detail", "pk": 84, "fields": {"invoice": 21, "product": 75, "amount": 12.0, "ico": 0.0, "iva": 0.0, "discount": 0.0, "total": 21000.0, "is_promo": false, "is_active": true, "date_record": "2020-08-19T22:30:00Z", "date_update": "2020-09-11T22:30:00Z"}}, {"model": "invoice_app.detail", "pk": 85, "fields": {"invoice": 21, "product": 72, "amount": 6.0, "ico": 0.0, "iva": 0.0, "discount": 0.0, "total": 10200.0, "is_promo": false, "is_active": true, "date_record": "2020-08-19T22:30:00Z", "date_update": "2020-09-11T22:30:00Z"}}, {"model": "invoice_app.detail", "pk": 86, "fields": {"invoice": 21, "product": 31, "amount": 12.0, "ico": 0.0, "iva": 0.0, "discount": 0.0, "total": 8900.0, "is_promo": false, "is_active": true, "date_record": "2020-08-19T22:30:00Z", "date_update": "2020-09-11T22:30:00Z"}}, {"model": "invoice_app.detail", "pk": 87, "fields": {"invoice": 21, "product": 32, "amount": 12.0, "ico": 0.0, "iva": 0.0, "discount": 0.0, "total": 8900.0, "is_promo": false, "is_active": true, "date_record": "2020-08-19T22:30:00Z", "date_update": "2020-09-11T22:30:00Z"}}, {"model": "invoice_app.detail", "pk": 88, "fields": {"invoice": 21, "product": 33, "amount": 12.0, "ico": 0.0, "iva": 0.0, "discount": 0.0, "total": 8900.0, "is_promo": false, "is_active": true, "date_record": "2020-08-19T22:30:00Z", "date_update": "2020-09-11T22:30:00Z"}}, {"model": "invoice_app.detail", "pk": 89, "fields": {"invoice": 21, "product": 143, "amount": 12.0, "ico": 0.0, "iva": 0.0, "discount": 0.0, "total": 6300.0, "is_promo": false, "is_active": true, "date_record": "2020-08-19T22:30:00Z", "date_update": "2020-09-11T22:30:00Z"}}, {"model": "invoice_app.detail", "pk": 90, "fields": {"invoice": 21, "product": 144, "amount": 12.0, "ico": 0.0, "iva": 0.0, "discount": 0.0, "total": 6300.0, "is_promo": false, "is_active": true, "date_record": "2020-08-19T22:30:00Z", "date_update": "2020-09-11T22:30:00Z"}}, {"model": "invoice_app.detail", "pk": 91, "fields": {"invoice": 21, "product": 145, "amount": 12.0, "ico": 0.0, "iva": 0.0, "discount": 0.0, "total": 6300.0, "is_promo": false, "is_active": true, "date_record": "2020-08-19T22:30:00Z", "date_update": "2020-09-11T22:30:00Z"}}, {"model": "invoice_app.detail", "pk": 92, "fields": {"invoice": 21, "product": 26, "amount": 12.0, "ico": 0.0, "iva": 0.0, "discount": 0.0, "total": 6300.0, "is_promo": false, "is_active": true, "date_record": "2020-08-19T22:30:00Z", "date_update": "2020-09-11T22:30:00Z"}}, {"model": "invoice_app.detail", "pk": 93, "fields": {"invoice": 21, "product": 15, "amount": 18.0, "ico": 0.0, "iva": 0.0, "discount": 0.0, "total": 8900.0, "is_promo": false, "is_active": true, "date_record": "2020-08-19T22:30:00Z", "date_update": "2020-09-11T22:30:00Z"}}, {"model": "invoice_app.detail", "pk": 94, "fields": {"invoice": 21, "product": 13, "amount": 18.0, "ico": 0.0, "iva": 0.0, "discount": 0.0, "total": 8900.0, "is_promo": false, "is_active": true, "date_record": "2020-08-19T22:30:00Z", "date_update": "2020-09-11T22:30:00Z"}}, {"model": "invoice_app.detail", "pk": 95, "fields": {"invoice": 21, "product": 14, "amount": 18.0, "ico": 0.0, "iva": 0.0, "discount": 0.0, "total": 8900.0, "is_promo": false, "is_active": true, "date_record": "2020-08-19T22:30:00Z", "date_update": "2020-09-11T22:30:00Z"}}, {"model": "invoice_app.detail", "pk": 96, "fields": {"invoice": 21, "product": 91, "amount": 24.0, "ico": 0.0, "iva": 0.0, "discount": 0.0, "total": 96000.0, "is_promo": false, "is_active": true, "date_record": "2020-08-19T22:30:00Z", "date_update": "2020-09-11T22:30:00Z"}}, {"model": "invoice_app.detail", "pk": 97, "fields": {"invoice": 21, "product": 35, "amount": 12.0, "ico": 0.0, "iva": 0.0, "discount": 0.0, "total": 9800.0, "is_promo": false, "is_active": true, "date_record": "2020-08-19T22:30:00Z", "date_update": "2020-09-11T22:30:00Z"}}, {"model": "invoice_app.detail", "pk": 98, "fields": {"invoice": 21, "product": 77, "amount": 12.0, "ico": 0.0, "iva": 0.0, "discount": 0.0, "total": 22200.0, "is_promo": false, "is_active": true, "date_record": "2020-08-19T22:30:00Z", "date_update": "2020-09-11T22:30:00Z"}}, {"model": "invoice_app.detail", "pk": 99, "fields": {"invoice": 21, "product": 65, "amount": 12.0, "ico": 0.0, "iva": 0.0, "discount": 0.0, "total": 14400.0, "is_promo": false, "is_active": true, "date_record": "2020-08-19T22:30:00Z", "date_update": "2020-09-11T22:30:00Z"}}, {"model": "invoice_app.detail", "pk": 100, "fields": {"invoice": 22, "product": 87, "amount": 24.0, "ico": 0.0, "iva": 0.0, "discount": 0.0, "total": 56640.0, "is_promo": false, "is_active": true, "date_record": "2020-08-19T23:03:00Z", "date_update": "2020-09-11T23:03:00Z"}}, {"model": "invoice_app.detail", "pk": 101, "fields": {"invoice": 22, "product": 53, "amount": 2.0, "ico": 0.0, "iva": 0.0, "discount": 0.0, "total": 1940.0, "is_promo": false, "is_active": true, "date_record": "2020-08-19T23:03:00Z", "date_update": "2020-09-11T23:03:00Z"}}, {"model": "invoice_app.detail", "pk": 102, "fields": {"invoice": 22, "product": 54, "amount": 2.0, "ico": 0.0, "iva": 0.0, "discount": 0.0, "total": 1940.0, "is_promo": false, "is_active": true, "date_record": "2020-08-19T23:03:00Z", "date_update": "2020-09-11T23:03:00Z"}}, {"model": "invoice_app.detail", "pk": 103, "fields": {"invoice": 22, "product": 56, "amount": 2.0, "ico": 0.0, "iva": 0.0, "discount": 0.0, "total": 1940.0, "is_promo": false, "is_active": true, "date_record": "2020-08-19T23:03:00Z", "date_update": "2020-09-11T23:03:00Z"}}, {"model": "invoice_app.detail", "pk": 104, "fields": {"invoice": 22, "product": 57, "amount": 3.0, "ico": 0.0, "iva": 0.0, "discount": 0.0, "total": 2910.0, "is_promo": false, "is_active": true, "date_record": "2020-08-19T23:03:00Z", "date_update": "2020-09-11T23:03:00Z"}}, {"model": "invoice_app.detail", "pk": 105, "fields": {"invoice": 22, "product": 55, "amount": 3.0, "ico": 0.0, "iva": 0.0, "discount": 0.0, "total": 2910.0, "is_promo": false, "is_active": true, "date_record": "2020-08-19T23:03:00Z", "date_update": "2020-09-11T23:03:00Z"}}, {"model": "invoice_app.detail", "pk": 106, "fields": {"invoice": 22, "product": 47, "amount": 4.0, "ico": 0.0, "iva": 0.0, "discount": 0.0, "total": 3920.0, "is_promo": false, "is_active": true, "date_record": "2020-08-19T23:03:00Z", "date_update": "2020-09-11T23:03:00Z"}}, {"model": "invoice_app.detail", "pk": 107, "fields": {"invoice": 22, "product": 48, "amount": 4.0, "ico": 0.0, "iva": 0.0, "discount": 0.0, "total": 3920.0, "is_promo": false, "is_active": true, "date_record": "2020-08-19T23:03:00Z", "date_update": "2020-09-11T23:03:00Z"}}, {"model": "invoice_app.detail", "pk": 108, "fields": {"invoice": 22, "product": 50, "amount": 5.0, "ico": 0.0, "iva": 0.0, "discount": 0.0, "total": 4900.0, "is_promo": false, "is_active": true, "date_record": "2020-08-19T23:03:00Z", "date_update": "2020-09-11T23:03:00Z"}}, {"model": "invoice_app.detail", "pk": 109, "fields": {"invoice": 22, "product": 62, "amount": 6.0, "ico": 0.0, "iva": 0.0, "discount": 0.0, "total": 5910.0, "is_promo": false, "is_active": true, "date_record": "2020-08-19T23:03:00Z", "date_update": "2020-09-11T23:03:00Z"}}, {"model": "invoice_app.detail", "pk": 110, "fields": {"invoice": 22, "product": 88, "amount": 6.0, "ico": 0.0, "iva": 0.0, "discount": 0.0, "total": 19800.0, "is_promo": false, "is_active": true, "date_record": "2020-08-19T23:03:00Z", "date_update": "2020-09-11T23:03:00Z"}}, {"model": "invoice_app.detail", "pk": 111, "fields": {"invoice": 22, "product": 94, "amount": 6.0, "ico": 0.0, "iva": 0.0, "discount": 0.0, "total": 25800.0, "is_promo": false, "is_active": true, "date_record": "2020-08-19T23:03:00Z", "date_update": "2020-09-11T23:03:00Z"}}, {"model": "invoice_app.detail", "pk": 112, "fields": {"invoice": 22, "product": 93, "amount": 6.0, "ico": 0.0, "iva": 0.0, "discount": 0.0, "total": 25800.0, "is_promo": false, "is_active": true, "date_record": "2020-08-19T23:03:00Z", "date_update": "2020-09-11T23:03:00Z"}}, {"model": "invoice_app.detail", "pk": 113, "fields": {"invoice": 22, "product": 85, "amount": 6.0, "ico": 0.0, "iva": 0.0, "discount": 0.0, "total": 12600.0, "is_promo": false, "is_active": true, "date_record": "2020-08-19T23:03:00Z", "date_update": "2020-09-11T23:03:00Z"}}, {"model": "invoice_app.detail", "pk": 114, "fields": {"invoice": 22, "product": 5, "amount": 50.0, "ico": 0.0, "iva": 0.0, "discount": 0.0, "total": 10800.0, "is_promo": false, "is_active": true, "date_record": "2020-08-19T23:03:00Z", "date_update": "2020-09-11T23:03:00Z"}}, {"model": "invoice_app.detail", "pk": 115, "fields": {"invoice": 22, "product": 7, "amount": 12.0, "ico": 0.0, "iva": 0.0, "discount": 0.0, "total": 2900.0, "is_promo": false, "is_active": true, "date_record": "2020-08-19T23:03:00Z", "date_update": "2020-09-11T23:03:00Z"}}, {"model": "invoice_app.detail", "pk": 116, "fields": {"invoice": 22, "product": 2, "amount": 12.0, "ico": 0.0, "iva": 0.0, "discount": 0.0, "total": 2600.0, "is_promo": false, "is_active": true, "date_record": "2020-08-19T23:03:00Z", "date_update": "2020-09-11T23:03:00Z"}}, {"model": "invoice_app.detail", "pk": 117, "fields": {"invoice": 22, "product": 3, "amount": 12.0, "ico": 0.0, "iva": 0.0, "discount": 0.0, "total": 2600.0, "is_promo": false, "is_active": true, "date_record": "2020-08-19T23:03:00Z", "date_update": "2020-09-11T23:03:00Z"}}, {"model": "invoice_app.detail", "pk": 118, "fields": {"invoice": 22, "product": 64, "amount": 12.0, "ico": 0.0, "iva": 0.0, "discount": 0.0, "total": 12000.0, "is_promo": false, "is_active": true, "date_record": "2020-08-19T23:03:00Z", "date_update": "2020-09-11T23:03:00Z"}}, {"model": "invoice_app.detail", "pk": 119, "fields": {"invoice": 22, "product": 66, "amount": 3.0, "ico": 0.0, "iva": 0.0, "discount": 0.0, "total": 3900.0, "is_promo": false, "is_active": true, "date_record": "2020-08-19T23:03:00Z", "date_update": "2020-09-11T23:03:00Z"}}, {"model": "invoice_app.detail", "pk": 120, "fields": {"invoice": 22, "product": 67, "amount": 3.0, "ico": 0.0, "iva": 0.0, "discount": 0.0, "total": 3900.0, "is_promo": false, "is_active": true, "date_record": "2020-08-19T23:03:00Z", "date_update": "2020-09-11T23:03:00Z"}}, {"model": "invoice_app.detail", "pk": 121, "fields": {"invoice": 22, "product": 38, "amount": 3.0, "ico": 0.0, "iva": 0.0, "discount": 0.0, "total": 2100.0, "is_promo": false, "is_active": true, "date_record": "2020-08-19T23:03:00Z", "date_update": "2020-09-11T23:03:00Z"}}, {"model": "invoice_app.detail", "pk": 122, "fields": {"invoice": 22, "product": 61, "amount": 2.0, "ico": 0.0, "iva": 0.0, "discount": 0.0, "total": 2000.0, "is_promo": false, "is_active": true, "date_record": "2020-08-19T23:03:00Z", "date_update": "2020-09-11T23:03:00Z"}}, {"model": "invoice_app.detail", "pk": 123, "fields": {"invoice": 22, "product": 63, "amount": 3.0, "ico": 0.0, "iva": 0.0, "discount": 0.0, "total": 3000.0, "is_promo": false, "is_active": true, "date_record": "2020-08-19T23:03:00Z", "date_update": "2020-09-11T23:03:00Z"}}, {"model": "invoice_app.detail", "pk": 124, "fields": {"invoice": 22, "product": 46, "amount": 8.0, "ico": 0.0, "iva": 0.0, "discount": 0.0, "total": 7840.0, "is_promo": false, "is_active": true, "date_record": "2020-08-19T23:03:00Z", "date_update": "2020-09-11T23:03:00Z"}}, {"model": "invoice_app.detail", "pk": 125, "fields": {"invoice": 22, "product": 222, "amount": 3.0, "ico": 0.0, "iva": 0.0, "discount": 0.0, "total": 2940.0, "is_promo": false, "is_active": true, "date_record": "2020-08-19T23:03:00Z", "date_update": "2020-09-11T23:03:00Z"}}, {"model": "invoice_app.detail", "pk": 126, "fields": {"invoice": 22, "product": 4, "amount": 12.0, "ico": 0.0, "iva": 0.0, "discount": 0.0, "total": 2600.0, "is_promo": false, "is_active": true, "date_record": "2020-08-19T23:03:00Z", "date_update": "2020-09-11T23:03:00Z"}}, {"model": "invoice_app.detail", "pk": 145, "fields": {"invoice": 24, "product": 27, "amount": 12.0, "ico": 0.0, "iva": 0.0, "discount": 0.0, "total": 5800.0, "is_promo": false, "is_active": true, "date_record": "2020-08-19T23:03:00Z", "date_update": "2020-09-11T23:03:00Z"}}, {"model": "invoice_app.detail", "pk": 146, "fields": {"invoice": 24, "product": 28, "amount": 12.0, "ico": 0.0, "iva": 0.0, "discount": 0.0, "total": 5800.0, "is_promo": false, "is_active": true, "date_record": "2020-08-19T23:03:00Z", "date_update": "2020-09-11T23:03:00Z"}}, {"model": "invoice_app.detail", "pk": 147, "fields": {"invoice": 24, "product": 8, "amount": 12.0, "ico": 0.0, "iva": 0.0, "discount": 0.0, "total": 2600.0, "is_promo": false, "is_active": true, "date_record": "2020-08-19T23:03:00Z", "date_update": "2020-09-11T23:03:00Z"}}, {"model": "invoice_app.detail", "pk": 148, "fields": {"invoice": 24, "product": 9, "amount": 12.0, "ico": 0.0, "iva": 0.0, "discount": 0.0, "total": 2600.0, "is_promo": false, "is_active": true, "date_record": "2020-08-19T23:03:00Z", "date_update": "2020-09-11T23:03:00Z"}}, {"model": "invoice_app.detail", "pk": 149, "fields": {"invoice": 24, "product": 29, "amount": 12.0, "ico": 0.0, "iva": 0.0, "discount": 0.0, "total": 4800.0, "is_promo": false, "is_active": true, "date_record": "2020-08-19T23:03:00Z", "date_update": "2020-09-11T23:03:00Z"}}, {"model": "invoice_app.detail", "pk": 150, "fields": {"invoice": 24, "product": 43, "amount": 12.0, "ico": 0.0, "iva": 0.0, "discount": 0.0, "total": 8700.0, "is_promo": false, "is_active": true, "date_record": "2020-08-19T23:03:00Z", "date_update": "2020-09-11T23:03:00Z"}}, {"model": "invoice_app.detail", "pk": 151, "fields": {"invoice": 24, "product": 41, "amount": 12.0, "ico": 0.0, "iva": 0.0, "discount": 0.0, "total": 7500.0, "is_promo": false, "is_active": true, "date_record": "2020-08-19T23:03:00Z", "date_update": "2020-09-11T23:03:00Z"}}, {"model": "invoice_app.detail", "pk": 152, "fields": {"invoice": 24, "product": 74, "amount": 3.0, "ico": 0.0, "iva": 0.0, "discount": 0.0, "total": 4950.0, "is_promo": false, "is_active": true, "date_record": "2020-08-19T23:03:00Z", "date_update": "2020-09-11T23:03:00Z"}}, {"model": "invoice_app.detail", "pk": 153, "fields": {"invoice": 24, "product": 68, "amount": 3.0, "ico": 0.0, "iva": 0.0, "discount": 0.0, "total": 4050.0, "is_promo": false, "is_active": true, "date_record": "2020-08-19T23:03:00Z", "date_update": "2020-09-11T23:03:00Z"}}, {"model": "invoice_app.detail", "pk": 154, "fields": {"invoice": 24, "product": 45, "amount": 3.0, "ico": 0.0, "iva": 0.0, "discount": 0.0, "total": 2800.0, "is_promo": false, "is_active": true, "date_record": "2020-08-19T23:03:00Z", "date_update": "2020-09-11T23:03:00Z"}}, {"model": "invoice_app.detail", "pk": 155, "fields": {"invoice": 24, "product": 37, "amount": 12.0, "ico": 0.0, "iva": 0.0, "discount": 0.0, "total": 5000.0, "is_promo": false, "is_active": true, "date_record": "2020-08-19T23:03:00Z", "date_update": "2020-09-11T23:03:00Z"}}, {"model": "invoice_app.detail", "pk": 156, "fields": {"invoice": 24, "product": 36, "amount": 12.0, "ico": 0.0, "iva": 0.0, "discount": 0.0, "total": 5000.0, "is_promo": false, "is_active": true, "date_record": "2020-08-19T23:03:00Z", "date_update": "2020-09-11T23:03:00Z"}}, {"model": "invoice_app.detail", "pk": 157, "fields": {"invoice": 24, "product": 1, "amount": 20.0, "ico": 0.0, "iva": 0.0, "discount": 0.0, "total": 2500.0, "is_promo": false, "is_active": true, "date_record": "2020-08-19T23:03:00Z", "date_update": "2020-09-11T23:03:00Z"}}, {"model": "invoice_app.detail", "pk": 158, "fields": {"invoice": 24, "product": 40, "amount": 10.0, "ico": 0.0, "iva": 0.0, "discount": 0.0, "total": 8000.0, "is_promo": false, "is_active": true, "date_record": "2020-08-19T23:03:00Z", "date_update": "2020-09-11T23:03:00Z"}}, {"model": "invoice_app.detail", "pk": 159, "fields": {"invoice": 24, "product": 22, "amount": 25.0, "ico": 0.0, "iva": 0.0, "discount": 0.0, "total": 11800.0, "is_promo": false, "is_active": true, "date_record": "2020-08-19T23:03:00Z", "date_update": "2020-09-11T23:03:00Z"}}, {"model": "invoice_app.detail", "pk": 160, "fields": {"invoice": 24, "product": 30, "amount": 25.0, "ico": 0.0, "iva": 0.0, "discount": 0.0, "total": 13800.0, "is_promo": false, "is_active": true, "date_record": "2020-08-19T23:03:00Z", "date_update": "2020-09-11T23:03:00Z"}}, {"model": "invoice_app.detail", "pk": 161, "fields": {"invoice": 24, "product": 11, "amount": 12.0, "ico": 0.0, "iva": 0.0, "discount": 0.0, "total": 3500.0, "is_promo": false, "is_active": true, "date_record": "2020-08-19T23:03:00Z", "date_update": "2020-09-11T23:03:00Z"}}, {"model": "invoice_app.detail", "pk": 162, "fields": {"invoice": 24, "product": 34, "amount": 12.0, "ico": 0.0, "iva": 0.0, "discount": 0.0, "total": 6900.0, "is_promo": false, "is_active": true, "date_record": "2020-08-19T23:03:00Z", "date_update": "2020-09-11T23:03:00Z"}}, {"model": "invoice_app.detail", "pk": 163, "fields": {"invoice": 25, "product": 52, "amount": 3.0, "ico": 0.0, "iva": 0.0, "discount": 0.0, "total": 2850.0, "is_promo": false, "is_active": true, "date_record": "2020-08-19T23:03:00Z", "date_update": "2020-09-11T23:03:00Z"}}, {"model": "invoice_app.detail", "pk": 164, "fields": {"invoice": 25, "product": 73, "amount": 3.0, "ico": 0.0, "iva": 0.0, "discount": 0.0, "total": 4950.0, "is_promo": false, "is_active": true, "date_record": "2020-08-19T23:03:00Z", "date_update": "2020-09-11T23:03:00Z"}}, {"model": "invoice_app.detail", "pk": 165, "fields": {"invoice": 25, "product": 6, "amount": 24.0, "ico": 0.0, "iva": 0.0, "discount": 0.0, "total": 7500.0, "is_promo": false, "is_active": true, "date_record": "2020-08-19T23:03:00Z", "date_update": "2020-09-11T23:03:00Z"}}, {"model": "invoice_app.detail", "pk": 166, "fields": {"invoice": 25, "product": 12, "amount": 18.0, "ico": 0.0, "iva": 0.0, "discount": 0.0, "total": 7500.0, "is_promo": false, "is_active": true, "date_record": "2020-08-19T23:03:00Z", "date_update": "2020-09-11T23:03:00Z"}}, {"model": "invoice_app.detail", "pk": 167, "fields": {"invoice": 25, "product": 92, "amount": 6.0, "ico": 0.0, "iva": 0.0, "discount": 0.0, "total": 27000.0, "is_promo": false, "is_active": true, "date_record": "2020-08-19T23:03:00Z", "date_update": "2020-09-11T23:03:00Z"}}, {"model": "invoice_app.detail", "pk": 168, "fields": {"invoice": 25, "product": 90, "amount": 2.0, "ico": 0.0, "iva": 0.0, "discount": 0.0, "total": 8000.0, "is_promo": false, "is_active": true, "date_record": "2020-08-19T23:03:00Z", "date_update": "2020-09-11T23:03:00Z"}}, {"model": "invoice_app.detail", "pk": 169, "fields": {"invoice": 25, "product": 89, "amount": 2.0, "ico": 0.0, "iva": 0.0, "discount": 0.0, "total": 7400.0, "is_promo": false, "is_active": true, "date_record": "2020-08-19T23:03:00Z", "date_update": "2020-09-11T23:03:00Z"}}, {"model": "invoice_app.detail", "pk": 170, "fields": {"invoice": 25, "product": 59, "amount": 12.0, "ico": 0.0, "iva": 0.0, "discount": 0.0, "total": 12500.0, "is_promo": false, "is_active": true, "date_record": "2020-08-19T23:03:00Z", "date_update": "2020-09-11T23:03:00Z"}}, {"model": "invoice_app.detail", "pk": 171, "fields": {"invoice": 25, "product": 10, "amount": 12.0, "ico": 0.0, "iva": 0.0, "discount": 0.0, "total": 4500.0, "is_promo": false, "is_active": true, "date_record": "2020-08-19T23:03:00Z", "date_update": "2020-09-11T23:03:00Z"}}, {"model": "invoice_app.detail", "pk": 172, "fields": {"invoice": 25, "product": 78, "amount": 6.0, "ico": 0.0, "iva": 0.0, "discount": 0.0, "total": 11100.0, "is_promo": false, "is_active": true, "date_record": "2020-08-19T23:03:00Z", "date_update": "2020-09-11T23:03:00Z"}}, {"model": "invoice_app.detail", "pk": 173, "fields": {"invoice": 25, "product": 58, "amount": 12.0, "ico": 0.0, "iva": 0.0, "discount": 0.0, "total": 12000.0, "is_promo": false, "is_active": true, "date_record": "2020-08-19T23:03:00Z", "date_update": "2020-09-11T23:03:00Z"}}, {"model": "invoice_app.detail", "pk": 174, "fields": {"invoice": 25, "product": 42, "amount": 12.0, "ico": 0.0, "iva": 0.0, "discount": 0.0, "total": 8700.0, "is_promo": false, "is_active": true, "date_record": "2020-08-19T23:03:00Z", "date_update": "2020-09-11T23:03:00Z"}}, {"model": "invoice_app.detail", "pk": 175, "fields": {"invoice": 25, "product": 221, "amount": 24.0, "ico": 0.0, "iva": 0.0, "discount": 0.0, "total": 11640.0, "is_promo": false, "is_active": true, "date_record": "2020-08-19T23:03:00Z", "date_update": "2020-09-11T23:03:00Z"}}, {"model": "invoice_app.detail", "pk": 176, "fields": {"invoice": 25, "product": 39, "amount": 12.0, "ico": 0.0, "iva": 0.0, "discount": 0.0, "total": 9900.0, "is_promo": false, "is_active": true, "date_record": "2020-08-19T23:03:00Z", "date_update": "2020-09-11T23:03:00Z"}}, {"model": "invoice_app.detail", "pk": 177, "fields": {"invoice": 25, "product": 51, "amount": 4.0, "ico": 0.0, "iva": 0.0, "discount": 0.0, "total": 0.0, "is_promo": true, "is_active": true, "date_record": "2020-08-19T23:03:00Z", "date_update": "2020-09-11T23:03:00Z"}}, {"model": "invoice_app.detail", "pk": 178, "fields": {"invoice": 25, "product": 91, "amount": 1.0, "ico": 0.0, "iva": 0.0, "discount": 0.0, "total": 0.0, "is_promo": true, "is_active": true, "date_record": "2020-08-19T23:03:00Z", "date_update": "2020-09-11T23:03:00Z"}}, {"model": "invoice_app.detail", "pk": 179, "fields": {"invoice": 26, "product": 206, "amount": 8.0, "ico": 0.0, "iva": 0.0, "discount": 0.0, "total": 62260.8, "is_promo": false, "is_active": true, "date_record": "2020-08-28T23:44:00Z", "date_update": "2020-09-11T23:44:00Z"}}, {"model": "invoice_app.detail", "pk": 180, "fields": {"invoice": 26, "product": 207, "amount": 24.0, "ico": 0.0, "iva": 0.0, "discount": 0.0, "total": 33419.96, "is_promo": false, "is_active": true, "date_record": "2020-08-28T23:44:00Z", "date_update": "2020-09-11T23:44:00Z"}}, {"model": "invoice_app.detail", "pk": 181, "fields": {"invoice": 26, "product": 208, "amount": 150.0, "ico": 0.0, "iva": 0.0, "discount": 0.0, "total": 14050.0, "is_promo": false, "is_active": true, "date_record": "2020-08-28T23:44:00Z", "date_update": "2020-09-11T23:44:00Z"}}, {"model": "invoice_app.detail", "pk": 182, "fields": {"invoice": 26, "product": 209, "amount": 3.0, "ico": 0.0, "iva": 0.0, "discount": 0.0, "total": 5814.0, "is_promo": false, "is_active": true, "date_record": "2020-08-28T23:44:00Z", "date_update": "2020-09-11T23:44:00Z"}}, {"model": "invoice_app.detail", "pk": 183, "fields": {"invoice": 26, "product": 210, "amount": 12.0, "ico": 0.0, "iva": 0.0, "discount": 0.0, "total": 26000.31, "is_promo": false, "is_active": true, "date_record": "2020-08-28T23:44:00Z", "date_update": "2020-09-11T23:44:00Z"}}, {"model": "invoice_app.detail", "pk": 184, "fields": {"invoice": 26, "product": 211, "amount": 3.0, "ico": 0.0, "iva": 0.0, "discount": 0.0, "total": 3366.0, "is_promo": false, "is_active": true, "date_record": "2020-08-28T23:44:00Z", "date_update": "2020-09-11T23:44:00Z"}}, {"model": "invoice_app.detail", "pk": 185, "fields": {"invoice": 26, "product": 212, "amount": 24.0, "ico": 0.0, "iva": 0.0, "discount": 0.0, "total": 27480.0, "is_promo": false, "is_active": true, "date_record": "2020-08-28T23:44:00Z", "date_update": "2020-09-11T23:44:00Z"}}, {"model": "invoice_app.detail", "pk": 186, "fields": {"invoice": 26, "product": 213, "amount": 3.0, "ico": 0.0, "iva": 0.0, "discount": 0.0, "total": 3366.0, "is_promo": false, "is_active": true, "date_record": "2020-08-28T23:44:00Z", "date_update": "2020-09-11T23:44:00Z"}}, {"model": "invoice_app.detail", "pk": 187, "fields": {"invoice": 26, "product": 214, "amount": 3.0, "ico": 0.0, "iva": 0.0, "discount": 0.0, "total": 5814.0, "is_promo": false, "is_active": true, "date_record": "2020-08-28T23:44:00Z", "date_update": "2020-09-11T23:44:00Z"}}, {"model": "invoice_app.detail", "pk": 188, "fields": {"invoice": 26, "product": 217, "amount": 6.0, "ico": 0.0, "iva": 0.0, "discount": 0.0, "total": 6389.11, "is_promo": false, "is_active": true, "date_record": "2020-08-28T23:44:00Z", "date_update": "2020-09-11T23:44:00Z"}}, {"model": "invoice_app.detail", "pk": 189, "fields": {"invoice": 26, "product": 215, "amount": 6.0, "ico": 0.0, "iva": 0.0, "discount": 0.0, "total": 6499.78, "is_promo": false, "is_active": true, "date_record": "2020-08-28T23:44:00Z", "date_update": "2020-09-11T23:44:00Z"}}, {"model": "invoice_app.detail", "pk": 190, "fields": {"invoice": 26, "product": 216, "amount": 24.0, "ico": 0.0, "iva": 0.0, "discount": 0.0, "total": 36120.0, "is_promo": false, "is_active": true, "date_record": "2020-08-28T23:44:00Z", "date_update": "2020-09-11T23:44:00Z"}}, {"model": "invoice_app.detail", "pk": 191, "fields": {"invoice": 27, "product": 218, "amount": 8.0, "ico": 0.0, "iva": 0.0, "discount": 0.0, "total": 0.0, "is_promo": true, "is_active": true, "date_record": "2020-08-28T23:44:00Z", "date_update": "2020-09-11T23:44:00Z"}}, {"model": "invoice_app.detail", "pk": 192, "fields": {"invoice": 27, "product": 207, "amount": 4.0, "ico": 0.0, "iva": 0.0, "discount": 0.0, "total": 0.0, "is_promo": true, "is_active": true, "date_record": "2020-08-28T23:44:00Z", "date_update": "2020-09-11T23:44:00Z"}}, {"model": "invoice_app.detail", "pk": 193, "fields": {"invoice": 27, "product": 208, "amount": 15.0, "ico": 0.0, "iva": 0.0, "discount": 0.0, "total": 0.0, "is_promo": true, "is_active": true, "date_record": "2020-08-28T23:44:00Z", "date_update": "2020-09-11T23:44:00Z"}}, {"model": "invoice_app.detail", "pk": 194, "fields": {"invoice": 28, "product": 191, "amount": 2.0, "ico": 0.0, "iva": 0.0, "discount": 0.0, "total": 9957.92, "is_promo": false, "is_active": true, "date_record": "2020-08-28T00:01:00Z", "date_update": "2020-09-12T00:01:00Z"}}, {"model": "invoice_app.detail", "pk": 195, "fields": {"invoice": 28, "product": 192, "amount": 6.0, "ico": 0.0, "iva": 0.0, "discount": 0.0, "total": 9624.0, "is_promo": false, "is_active": true, "date_record": "2020-08-28T00:01:00Z", "date_update": "2020-09-12T00:01:00Z"}}, {"model": "invoice_app.detail", "pk": 196, "fields": {"invoice": 28, "product": 193, "amount": 6.0, "ico": 0.0, "iva": 0.0, "discount": 0.0, "total": 15546.0, "is_promo": false, "is_active": true, "date_record": "2020-08-28T00:01:00Z", "date_update": "2020-09-12T00:01:00Z"}}, {"model": "invoice_app.detail", "pk": 197, "fields": {"invoice": 28, "product": 194, "amount": 2.0, "ico": 0.0, "iva": 0.0, "discount": 0.0, "total": 4165.0, "is_promo": false, "is_active": true, "date_record": "2020-08-28T00:01:00Z", "date_update": "2020-09-12T00:01:00Z"}}, {"model": "invoice_app.detail", "pk": 198, "fields": {"invoice": 28, "product": 195, "amount": 2.0, "ico": 0.0, "iva": 0.0, "discount": 0.0, "total": 4165.0, "is_promo": false, "is_active": true, "date_record": "2020-08-28T00:01:00Z", "date_update": "2020-09-12T00:01:00Z"}}, {"model": "invoice_app.detail", "pk": 199, "fields": {"invoice": 28, "product": 196, "amount": 2.0, "ico": 0.0, "iva": 0.0, "discount": 0.0, "total": 4165.0, "is_promo": false, "is_active": true, "date_record": "2020-08-28T00:01:00Z", "date_update": "2020-09-12T00:01:00Z"}}, {"model": "invoice_app.detail", "pk": 200, "fields": {"invoice": 28, "product": 197, "amount": 6.0, "ico": 0.0, "iva": 0.0, "discount": 0.0, "total": 9660.0, "is_promo": false, "is_active": true, "date_record": "2020-08-28T00:01:00Z", "date_update": "2020-09-12T00:01:00Z"}}, {"model": "invoice_app.detail", "pk": 201, "fields": {"invoice": 28, "product": 198, "amount": 6.0, "ico": 0.0, "iva": 0.0, "discount": 0.0, "total": 9612.0, "is_promo": false, "is_active": true, "date_record": "2020-08-28T00:01:00Z", "date_update": "2020-09-12T00:01:00Z"}}, {"model": "invoice_app.detail", "pk": 202, "fields": {"invoice": 28, "product": 199, "amount": 6.0, "ico": 0.0, "iva": 0.0, "discount": 0.0, "total": 5862.0, "is_promo": false, "is_active": true, "date_record": "2020-08-28T00:01:00Z", "date_update": "2020-09-12T00:01:00Z"}}, {"model": "invoice_app.detail", "pk": 203, "fields": {"invoice": 28, "product": 200, "amount": 6.0, "ico": 0.0, "iva": 0.0, "discount": 0.0, "total": 4620.0, "is_promo": false, "is_active": true, "date_record": "2020-08-28T00:01:00Z", "date_update": "2020-09-12T00:01:00Z"}}, {"model": "invoice_app.detail", "pk": 204, "fields": {"invoice": 28, "product": 201, "amount": 6.0, "ico": 0.0, "iva": 0.0, "discount": 0.0, "total": 4200.0, "is_promo": false, "is_active": true, "date_record": "2020-08-28T00:01:00Z", "date_update": "2020-09-12T00:01:00Z"}}, {"model": "invoice_app.detail", "pk": 205, "fields": {"invoice": 28, "product": 202, "amount": 6.0, "ico": 0.0, "iva": 0.0, "discount": 0.0, "total": 4998.0, "is_promo": false, "is_active": true, "date_record": "2020-08-28T00:01:00Z", "date_update": "2020-09-12T00:01:00Z"}}, {"model": "invoice_app.detail", "pk": 206, "fields": {"invoice": 28, "product": 203, "amount": 2.0, "ico": 0.0, "iva": 0.0, "discount": 0.0, "total": 1666.0, "is_promo": false, "is_active": true, "date_record": "2020-08-28T00:01:00Z", "date_update": "2020-09-12T00:01:00Z"}}, {"model": "invoice_app.detail", "pk": 207, "fields": {"invoice": 28, "product": 204, "amount": 2.0, "ico": 0.0, "iva": 0.0, "discount": 0.0, "total": 1666.0, "is_promo": false, "is_active": true, "date_record": "2020-08-28T00:01:00Z", "date_update": "2020-09-12T00:01:00Z"}}, {"model": "invoice_app.detail", "pk": 208, "fields": {"invoice": 28, "product": 202, "amount": 2.0, "ico": 0.0, "iva": 0.0, "discount": 0.0, "total": 1666.0, "is_promo": false, "is_active": true, "date_record": "2020-08-28T00:01:00Z", "date_update": "2020-09-12T00:01:00Z"}}, {"model": "invoice_app.detail", "pk": 209, "fields": {"invoice": 29, "product": 128, "amount": 55.0, "ico": 0.0, "iva": 0.0, "discount": 0.0, "total": 60000.0, "is_promo": false, "is_active": true, "date_record": "2020-08-20T00:09:00Z", "date_update": "2020-09-12T00:09:00Z"}}, {"model": "invoice_app.detail", "pk": 210, "fields": {"invoice": 29, "product": 140, "amount": 6.0, "ico": 0.0, "iva": 0.0, "discount": 0.0, "total": 23490.0, "is_promo": false, "is_active": true, "date_record": "2020-08-20T00:09:00Z", "date_update": "2020-09-12T00:09:00Z"}}, {"model": "invoice_app.detail", "pk": 211, "fields": {"invoice": 29, "product": 138, "amount": 6.0, "ico": 0.0, "iva": 0.0, "discount": 0.0, "total": 22560.0, "is_promo": false, "is_active": true, "date_record": "2020-08-20T00:09:00Z", "date_update": "2020-09-12T00:09:00Z"}}, {"model": "invoice_app.detail", "pk": 212, "fields": {"invoice": 29, "product": 139, "amount": 7.0, "ico": 0.0, "iva": 0.0, "discount": 0.0, "total": 25410.0, "is_promo": false, "is_active": true, "date_record": "2020-08-20T00:09:00Z", "date_update": "2020-09-12T00:09:00Z"}}, {"model": "invoice_app.detail", "pk": 213, "fields": {"invoice": 29, "product": 131, "amount": 6.0, "ico": 0.0, "iva": 0.0, "discount": 0.0, "total": 5500.0, "is_promo": false, "is_active": true, "date_record": "2020-08-20T00:09:00Z", "date_update": "2020-09-12T00:09:00Z"}}, {"model": "invoice_app.detail", "pk": 214, "fields": {"invoice": 29, "product": 126, "amount": 18.0, "ico": 0.0, "iva": 0.0, "discount": 0.0, "total": 35730.0, "is_promo": false, "is_active": true, "date_record": "2020-08-20T00:09:00Z", "date_update": "2020-09-12T00:09:00Z"}}, {"model": "invoice_app.detail", "pk": 215, "fields": {"invoice": 29, "product": 124, "amount": 3.0, "ico": 0.0, "iva": 0.0, "discount": 0.0, "total": 21300.0, "is_promo": false, "is_active": true, "date_record": "2020-08-20T00:09:00Z", "date_update": "2020-09-12T00:09:00Z"}}, {"model": "invoice_app.detail", "pk": 216, "fields": {"invoice": 29, "product": 127, "amount": 3.0, "ico": 0.0, "iva": 0.0, "discount": 0.0, "total": 16350.0, "is_promo": false, "is_active": true, "date_record": "2020-08-20T00:09:00Z", "date_update": "2020-09-12T00:09:00Z"}}, {"model": "invoice_app.detail", "pk": 217, "fields": {"invoice": 29, "product": 125, "amount": 24.0, "ico": 0.0, "iva": 0.0, "discount": 0.0, "total": 2510.0, "is_promo": false, "is_active": true, "date_record": "2020-08-20T00:09:00Z", "date_update": "2020-09-12T00:09:00Z"}}, {"model": "invoice_app.detail", "pk": 218, "fields": {"invoice": 29, "product": 130, "amount": 48.0, "ico": 0.0, "iva": 0.0, "discount": 0.0, "total": 80600.0, "is_promo": false, "is_active": true, "date_record": "2020-08-20T00:09:00Z", "date_update": "2020-09-12T00:09:00Z"}}, {"model": "invoice_app.detail", "pk": 219, "fields": {"invoice": 29, "product": 137, "amount": 1.0, "ico": 0.0, "iva": 0.0, "discount": 0.0, "total": 0.0, "is_promo": true, "is_active": true, "date_record": "2020-08-20T00:09:00Z", "date_update": "2020-09-12T00:09:00Z"}}, {"model": "invoice_app.detail", "pk": 220, "fields": {"invoice": 29, "product": 140, "amount": 1.0, "ico": 0.0, "iva": 0.0, "discount": 0.0, "total": 0.0, "is_promo": true, "is_active": true, "date_record": "2020-08-20T00:09:00Z", "date_update": "2020-09-12T00:09:00Z"}}, {"model": "invoice_app.detail", "pk": 221, "fields": {"invoice": 29, "product": 139, "amount": 2.0, "ico": 0.0, "iva": 0.0, "discount": 0.0, "total": 0.0, "is_promo": true, "is_active": true, "date_record": "2020-08-20T00:09:00Z", "date_update": "2020-09-12T00:09:00Z"}}, {"model": "invoice_app.detail", "pk": 222, "fields": {"invoice": 29, "product": 126, "amount": 2.0, "ico": 0.0, "iva": 0.0, "discount": 0.0, "total": 0.0, "is_promo": true, "is_active": true, "date_record": "2020-08-20T00:09:00Z", "date_update": "2020-09-12T00:09:00Z"}}, {"model": "invoice_app.detail", "pk": 223, "fields": {"invoice": 29, "product": 130, "amount": 7.0, "ico": 0.0, "iva": 0.0, "discount": 0.0, "total": 0.0, "is_promo": true, "is_active": true, "date_record": "2020-08-20T00:09:00Z", "date_update": "2020-09-12T00:09:00Z"}}, {"model": "invoice_app.detail", "pk": 224, "fields": {"invoice": 30, "product": 119, "amount": 2.0, "ico": 0.0, "iva": 0.0, "discount": 0.0, "total": 26000.0, "is_promo": false, "is_active": true, "date_record": "2020-08-20T00:09:00Z", "date_update": "2020-09-12T00:09:00Z"}}, {"model": "invoice_app.detail", "pk": 225, "fields": {"invoice": 30, "product": 120, "amount": 2.0, "ico": 0.0, "iva": 0.0, "discount": 0.0, "total": 31200.0, "is_promo": false, "is_active": true, "date_record": "2020-08-20T00:09:00Z", "date_update": "2020-09-12T00:09:00Z"}}, {"model": "invoice_app.detail", "pk": 226, "fields": {"invoice": 30, "product": 121, "amount": 2.0, "ico": 0.0, "iva": 0.0, "discount": 0.0, "total": 38100.0, "is_promo": false, "is_active": true, "date_record": "2020-08-20T00:09:00Z", "date_update": "2020-09-12T00:09:00Z"}}, {"model": "invoice_app.detail", "pk": 227, "fields": {"invoice": 30, "product": 122, "amount": 2.0, "ico": 0.0, "iva": 0.0, "discount": 0.0, "total": 47300.0, "is_promo": false, "is_active": true, "date_record": "2020-08-20T00:09:00Z", "date_update": "2020-09-12T00:09:00Z"}}, {"model": "invoice_app.detail", "pk": 228, "fields": {"invoice": 30, "product": 123, "amount": 2.0, "ico": 0.0, "iva": 0.0, "discount": 0.0, "total": 51800.0, "is_promo": false, "is_active": true, "date_record": "2020-08-20T00:09:00Z", "date_update": "2020-09-12T00:09:00Z"}}, {"model": "invoice_app.detail", "pk": 229, "fields": {"invoice": 30, "product": 100, "amount": 20.0, "ico": 0.0, "iva": 0.0, "discount": 0.0, "total": 14900.0, "is_promo": false, "is_active": true, "date_record": "2020-08-20T00:09:00Z", "date_update": "2020-09-12T00:09:00Z"}}, {"model": "invoice_app.detail", "pk": 230, "fields": {"invoice": 30, "product": 141, "amount": 6.0, "ico": 0.0, "iva": 0.0, "discount": 0.0, "total": 6675.0, "is_promo": false, "is_active": true, "date_record": "2020-08-20T00:09:00Z", "date_update": "2020-09-12T00:09:00Z"}}, {"model": "invoice_app.detail", "pk": 231, "fields": {"invoice": 30, "product": 132, "amount": 30.0, "ico": 0.0, "iva": 0.0, "discount": 0.0, "total": 37350.0, "is_promo": false, "is_active": true, "date_record": "2020-08-20T00:09:00Z", "date_update": "2020-09-12T00:09:00Z"}}, {"model": "invoice_app.detail", "pk": 232, "fields": {"invoice": 30, "product": 101, "amount": 24.0, "ico": 0.0, "iva": 0.0, "discount": 0.0, "total": 21800.0, "is_promo": false, "is_active": true, "date_record": "2020-08-20T00:09:00Z", "date_update": "2020-09-12T00:09:00Z"}}, {"model": "invoice_app.detail", "pk": 233, "fields": {"invoice": 30, "product": 102, "amount": 24.0, "ico": 0.0, "iva": 0.0, "discount": 0.0, "total": 8380.0, "is_promo": false, "is_active": true, "date_record": "2020-08-20T00:09:00Z", "date_update": "2020-09-12T00:09:00Z"}}, {"model": "invoice_app.detail", "pk": 234, "fields": {"invoice": 30, "product": 130, "amount": 4.0, "ico": 0.0, "iva": 0.0, "discount": 0.0, "total": 0.0, "is_promo": true, "is_active": true, "date_record": "2020-08-20T00:09:00Z", "date_update": "2020-09-12T00:09:00Z"}}, {"model": "invoice_app.detail", "pk": 235, "fields": {"invoice": 30, "product": 130, "amount": 1.0, "ico": 0.0, "iva": 0.0, "discount": 0.0, "total": 0.0, "is_promo": true, "is_active": true, "date_record": "2020-08-20T00:09:00Z", "date_update": "2020-09-12T00:09:00Z"}}, {"model": "invoice_app.detail", "pk": 236, "fields": {"invoice": 30, "product": 132, "amount": 2.0, "ico": 0.0, "iva": 0.0, "discount": 0.0, "total": 0.0, "is_promo": true, "is_active": true, "date_record": "2020-08-20T00:09:00Z", "date_update": "2020-09-12T00:09:00Z"}}, {"model": "invoice_app.detail", "pk": 237, "fields": {"invoice": 31, "product": 105, "amount": 12.0, "ico": 0.0, "iva": 0.0, "discount": 0.0, "total": 15932.0, "is_promo": false, "is_active": true, "date_record": "2020-08-20T00:09:00Z", "date_update": "2020-09-12T00:09:00Z"}}, {"model": "invoice_app.detail", "pk": 238, "fields": {"invoice": 31, "product": 108, "amount": 12.0, "ico": 0.0, "iva": 0.0, "discount": 0.0, "total": 13980.0, "is_promo": false, "is_active": true, "date_record": "2020-08-20T00:09:00Z", "date_update": "2020-09-12T00:09:00Z"}}, {"model": "invoice_app.detail", "pk": 239, "fields": {"invoice": 31, "product": 111, "amount": 2.0, "ico": 0.0, "iva": 0.0, "discount": 0.0, "total": 1760.0, "is_promo": false, "is_active": true, "date_record": "2020-08-20T00:09:00Z", "date_update": "2020-09-12T00:09:00Z"}}, {"model": "invoice_app.detail", "pk": 240, "fields": {"invoice": 31, "product": 112, "amount": 2.0, "ico": 0.0, "iva": 0.0, "discount": 0.0, "total": 1760.0, "is_promo": false, "is_active": true, "date_record": "2020-08-20T00:09:00Z", "date_update": "2020-09-12T00:09:00Z"}}, {"model": "invoice_app.detail", "pk": 241, "fields": {"invoice": 31, "product": 113, "amount": 2.0, "ico": 0.0, "iva": 0.0, "discount": 0.0, "total": 1760.0, "is_promo": false, "is_active": true, "date_record": "2020-08-20T00:09:00Z", "date_update": "2020-09-12T00:09:00Z"}}, {"model": "invoice_app.detail", "pk": 242, "fields": {"invoice": 31, "product": 98, "amount": 2.0, "ico": 0.0, "iva": 0.0, "discount": 0.0, "total": 24500.0, "is_promo": false, "is_active": true, "date_record": "2020-08-20T00:09:00Z", "date_update": "2020-09-12T00:09:00Z"}}, {"model": "invoice_app.detail", "pk": 243, "fields": {"invoice": 31, "product": 97, "amount": 6.0, "ico": 0.0, "iva": 0.0, "discount": 0.0, "total": 5550.0, "is_promo": false, "is_active": true, "date_record": "2020-08-20T00:09:00Z", "date_update": "2020-09-12T00:09:00Z"}}, {"model": "invoice_app.detail", "pk": 244, "fields": {"invoice": 31, "product": 99, "amount": 6.0, "ico": 0.0, "iva": 0.0, "discount": 0.0, "total": 26640.0, "is_promo": false, "is_active": true, "date_record": "2020-08-20T00:09:00Z", "date_update": "2020-09-12T00:09:00Z"}}, {"model": "invoice_app.detail", "pk": 245, "fields": {"invoice": 31, "product": 95, "amount": 3.0, "ico": 0.0, "iva": 0.0, "discount": 0.0, "total": 4560.0, "is_promo": false, "is_active": true, "date_record": "2020-08-20T00:09:00Z", "date_update": "2020-09-12T00:09:00Z"}}, {"model": "invoice_app.detail", "pk": 246, "fields": {"invoice": 32, "product": 96, "amount": 3.0, "ico": 0.0, "iva": 0.0, "discount": 0.0, "total": 9450.0, "is_promo": false, "is_active": true, "date_record": "2020-08-20T00:09:00Z", "date_update": "2020-09-12T00:09:00Z"}}, {"model": "invoice_app.detail", "pk": 247, "fields": {"invoice": 32, "product": 110, "amount": 12.0, "ico": 0.0, "iva": 0.0, "discount": 0.0, "total": 19260.0, "is_promo": false, "is_active": true, "date_record": "2020-08-20T00:09:00Z", "date_update": "2020-09-12T00:09:00Z"}}, {"model": "invoice_app.detail", "pk": 248, "fields": {"invoice": 32, "product": 109, "amount": 30.0, "ico": 0.0, "iva": 0.0, "discount": 0.0, "total": 23600.0, "is_promo": false, "is_active": true, "date_record": "2020-08-20T00:09:00Z", "date_update": "2020-09-12T00:09:00Z"}}, {"model": "invoice_app.detail", "pk": 249, "fields": {"invoice": 32, "product": 106, "amount": 6.0, "ico": 0.0, "iva": 0.0, "discount": 0.0, "total": 6996.0, "is_promo": false, "is_active": true, "date_record": "2020-08-20T00:09:00Z", "date_update": "2020-09-12T00:09:00Z"}}, {"model": "invoice_app.detail", "pk": 250, "fields": {"invoice": 32, "product": 107, "amount": 6.0, "ico": 0.0, "iva": 0.0, "discount": 0.0, "total": 6996.0, "is_promo": false, "is_active": true, "date_record": "2020-08-20T00:09:00Z", "date_update": "2020-09-12T00:09:00Z"}}, {"model": "invoice_app.detail", "pk": 251, "fields": {"invoice": 33, "product": 103, "amount": 5.0, "ico": 0.0, "iva": 0.0, "discount": 0.0, "total": 10750.0, "is_promo": false, "is_active": true, "date_record": "2020-08-20T00:09:00Z", "date_update": "2020-09-12T00:09:00Z"}}, {"model": "invoice_app.detail", "pk": 252, "fields": {"invoice": 33, "product": 104, "amount": 8.0, "ico": 0.0, "iva": 0.0, "discount": 0.0, "total": 20800.0, "is_promo": false, "is_active": true, "date_record": "2020-08-20T00:09:00Z", "date_update": "2020-09-12T00:09:00Z"}}, {"model": "invoice_app.detail", "pk": 253, "fields": {"invoice": 34, "product": 224, "amount": 1.0, "ico": 0.0, "iva": 0.0, "discount": 0.0, "total": 900.0, "is_promo": false, "is_active": true, "date_record": "2020-09-11T01:29:00Z", "date_update": "2020-09-12T01:29:00Z"}}, {"model": "invoice_app.detail", "pk": 256, "fields": {"invoice": 36, "product": 226, "amount": 1.0, "ico": 0.0, "iva": 0.0, "discount": 0.0, "total": 700.0, "is_promo": false, "is_active": true, "date_record": "2020-09-12T01:33:00Z", "date_update": "2020-09-12T01:33:00Z"}}, {"model": "invoice_app.detail", "pk": 257, "fields": {"invoice": 36, "product": 225, "amount": 1.0, "ico": 0.0, "iva": 0.0, "discount": 0.0, "total": 700.0, "is_promo": false, "is_active": true, "date_record": "2020-09-12T01:33:00Z", "date_update": "2020-09-12T01:33:00Z"}}, {"model": "invoice_app.sale", "pk": 1, "fields": {"ref": "FV200910091106", "invoice": 1, "mode": 1}}, {"model": "invoice_app.sale", "pk": 2, "fields": {"ref": "FV200910104539", "invoice": 3, "mode": 1}}, {"model": "invoice_app.sale", "pk": 3, "fields": {"ref": "FV200910104603", "invoice": 4, "mode": 1}}, {"model": "invoice_app.sale", "pk": 4, "fields": {"ref": "FV200910184321", "invoice": 5, "mode": 1}}, {"model": "invoice_app.sale", "pk": 5, "fields": {"ref": "FV200910201732", "invoice": 6, "mode": 1}}, {"model": "invoice_app.sale", "pk": 6, "fields": {"ref": "FV200911081210", "invoice": 13, "mode": 1}}, {"model": "invoice_app.sale", "pk": 7, "fields": {"ref": "FV200911091002", "invoice": 14, "mode": 1}}, {"model": "invoice_app.sale", "pk": 8, "fields": {"ref": "FV200911102824", "invoice": 15, "mode": 1}}, {"model": "invoice_app.sale", "pk": 10, "fields": {"ref": "FV200911111216", "invoice": 17, "mode": 1}}, {"model": "invoice_app.sale", "pk": 11, "fields": {"ref": "FV200911123804", "invoice": 18, "mode": 1}}, {"model": "invoice_app.sale", "pk": 12, "fields": {"ref": "FV200911123840", "invoice": 19, "mode": 1}}, {"model": "invoice_app.sale", "pk": 13, "fields": {"ref": "FV200911202936", "invoice": 34, "mode": 1}}, {"model": "invoice_app.sale", "pk": 14, "fields": {"ref": "FV200911203322", "invoice": 36, "mode": 1}}, {"model": "invoice_app.buy", "pk": 1, "fields": {"ref": "C8049150", "invoice": 2}}, {"model": "invoice_app.buy", "pk": 2, "fields": {"ref": "192467", "invoice": 7}}, {"model": "invoice_app.buy", "pk": 4, "fields": {"ref": "FC200910204460", "invoice": 9}}, {"model": "invoice_app.buy", "pk": 5, "fields": {"ref": "VDC1091485", "invoice": 10}}, {"model": "invoice_app.buy", "pk": 6, "fields": {"ref": "VDC1098125", "invoice": 11}}, {"model": "invoice_app.buy", "pk": 7, "fields": {"ref": "200910211730", "invoice": 12}}, {"model": "invoice_app.buy", "pk": 8, "fields": {"ref": "13214", "invoice": 20}}, {"model": "invoice_app.buy", "pk": 9, "fields": {"ref": "13215", "invoice": 21}}, {"model": "invoice_app.buy", "pk": 10, "fields": {"ref": "13216", "invoice": 22}}, {"model": "invoice_app.buy", "pk": 11, "fields": {"ref": "13217", "invoice": 24}}, {"model": "invoice_app.buy", "pk": 12, "fields": {"ref": "13218", "invoice": 25}}, {"model": "invoice_app.buy", "pk": 13, "fields": {"ref": "POP33164", "invoice": 26}}, {"model": "invoice_app.buy", "pk": 14, "fields": {"ref": "POP33164-PROMO", "invoice": 27}}, {"model": "invoice_app.buy", "pk": 15, "fields": {"ref": "0C8050022", "invoice": 28}}, {"model": "invoice_app.buy", "pk": 16, "fields": {"ref": "L-00058829", "invoice": 29}}, {"model": "invoice_app.buy", "pk": 17, "fields": {"ref": "L-00058830", "invoice": 30}}, {"model": "invoice_app.buy", "pk": 18, "fields": {"ref": "L-00058832", "invoice": 31}}, {"model": "invoice_app.buy", "pk": 19, "fields": {"ref": "L-00058822", "invoice": 32}}, {"model": "invoice_app.buy", "pk": 20, "fields": {"ref": "L-00058831", "invoice": 33}}, {"model": "auth.permission", "pk": 1, "fields": {"name": "Can add log entry", "content_type": 1, "codename": "add_logentry"}}, {"model": "auth.permission", "pk": 2, "fields": {"name": "Can change log entry", "content_type": 1, "codename": "change_logentry"}}, {"model": "auth.permission", "pk": 3, "fields": {"name": "Can delete log entry", "content_type": 1, "codename": "delete_logentry"}}, {"model": "auth.permission", "pk": 4, "fields": {"name": "Can view log entry", "content_type": 1, "codename": "view_logentry"}}, {"model": "auth.permission", "pk": 5, "fields": {"name": "Can add permission", "content_type": 2, "codename": "add_permission"}}, {"model": "auth.permission", "pk": 6, "fields": {"name": "Can change permission", "content_type": 2, "codename": "change_permission"}}, {"model": "auth.permission", "pk": 7, "fields": {"name": "Can delete permission", "content_type": 2, "codename": "delete_permission"}}, {"model": "auth.permission", "pk": 8, "fields": {"name": "Can view permission", "content_type": 2, "codename": "view_permission"}}, {"model": "auth.permission", "pk": 9, "fields": {"name": "Can add group", "content_type": 3, "codename": "add_group"}}, {"model": "auth.permission", "pk": 10, "fields": {"name": "Can change group", "content_type": 3, "codename": "change_group"}}, {"model": "auth.permission", "pk": 11, "fields": {"name": "Can delete group", "content_type": 3, "codename": "delete_group"}}, {"model": "auth.permission", "pk": 12, "fields": {"name": "Can view group", "content_type": 3, "codename": "view_group"}}, {"model": "auth.permission", "pk": 13, "fields": {"name": "Can add content type", "content_type": 4, "codename": "add_contenttype"}}, {"model": "auth.permission", "pk": 14, "fields": {"name": "Can change content type", "content_type": 4, "codename": "change_contenttype"}}, {"model": "auth.permission", "pk": 15, "fields": {"name": "Can delete content type", "content_type": 4, "codename": "delete_contenttype"}}, {"model": "auth.permission", "pk": 16, "fields": {"name": "Can view content type", "content_type": 4, "codename": "view_contenttype"}}, {"model": "auth.permission", "pk": 17, "fields": {"name": "Can add session", "content_type": 5, "codename": "add_session"}}, {"model": "auth.permission", "pk": 18, "fields": {"name": "Can change session", "content_type": 5, "codename": "change_session"}}, {"model": "auth.permission", "pk": 19, "fields": {"name": "Can delete session", "content_type": 5, "codename": "delete_session"}}, {"model": "auth.permission", "pk": 20, "fields": {"name": "Can view session", "content_type": 5, "codename": "view_session"}}, {"model": "auth.permission", "pk": 21, "fields": {"name": "Can add Usuario", "content_type": 6, "codename": "add_user"}}, {"model": "auth.permission", "pk": 22, "fields": {"name": "Can change Usuario", "content_type": 6, "codename": "change_user"}}, {"model": "auth.permission", "pk": 23, "fields": {"name": "Can delete Usuario", "content_type": 6, "codename": "delete_user"}}, {"model": "auth.permission", "pk": 24, "fields": {"name": "Can view Usuario", "content_type": 6, "codename": "view_user"}}, {"model": "auth.permission", "pk": 25, "fields": {"name": "Can add Proveedor", "content_type": 7, "codename": "add_provider"}}, {"model": "auth.permission", "pk": 26, "fields": {"name": "Can change Proveedor", "content_type": 7, "codename": "change_provider"}}, {"model": "auth.permission", "pk": 27, "fields": {"name": "Can delete Proveedor", "content_type": 7, "codename": "delete_provider"}}, {"model": "auth.permission", "pk": 28, "fields": {"name": "Can view Proveedor", "content_type": 7, "codename": "view_provider"}}, {"model": "auth.permission", "pk": 29, "fields": {"name": "Can add Trabajador", "content_type": 8, "codename": "add_employee"}}, {"model": "auth.permission", "pk": 30, "fields": {"name": "Can change Trabajador", "content_type": 8, "codename": "change_employee"}}, {"model": "auth.permission", "pk": 31, "fields": {"name": "Can delete Trabajador", "content_type": 8, "codename": "delete_employee"}}, {"model": "auth.permission", "pk": 32, "fields": {"name": "Can view Trabajador", "content_type": 8, "codename": "view_employee"}}, {"model": "auth.permission", "pk": 33, "fields": {"name": "Can add Cliente", "content_type": 9, "codename": "add_client"}}, {"model": "auth.permission", "pk": 34, "fields": {"name": "Can change Cliente", "content_type": 9, "codename": "change_client"}}, {"model": "auth.permission", "pk": 35, "fields": {"name": "Can delete Cliente", "content_type": 9, "codename": "delete_client"}}, {"model": "auth.permission", "pk": 36, "fields": {"name": "Can view Cliente", "content_type": 9, "codename": "view_client"}}, {"model": "auth.permission", "pk": 37, "fields": {"name": "Can add Asesor", "content_type": 10, "codename": "add_adviser"}}, {"model": "auth.permission", "pk": 38, "fields": {"name": "Can change Asesor", "content_type": 10, "codename": "change_adviser"}}, {"model": "auth.permission", "pk": 39, "fields": {"name": "Can delete Asesor", "content_type": 10, "codename": "delete_adviser"}}, {"model": "auth.permission", "pk": 40, "fields": {"name": "Can view Asesor", "content_type": 10, "codename": "view_adviser"}}, {"model": "auth.permission", "pk": 41, "fields": {"name": "Can add Categoria", "content_type": 11, "codename": "add_category"}}, {"model": "auth.permission", "pk": 42, "fields": {"name": "Can change Categoria", "content_type": 11, "codename": "change_category"}}, {"model": "auth.permission", "pk": 43, "fields": {"name": "Can delete Categoria", "content_type": 11, "codename": "delete_category"}}, {"model": "auth.permission", "pk": 44, "fields": {"name": "Can view Categoria", "content_type": 11, "codename": "view_category"}}, {"model": "auth.permission", "pk": 45, "fields": {"name": "Can add Producto", "content_type": 12, "codename": "add_product"}}, {"model": "auth.permission", "pk": 46, "fields": {"name": "Can change Producto", "content_type": 12, "codename": "change_product"}}, {"model": "auth.permission", "pk": 47, "fields": {"name": "Can delete Producto", "content_type": 12, "codename": "delete_product"}}, {"model": "auth.permission", "pk": 48, "fields": {"name": "Can view Producto", "content_type": 12, "codename": "view_product"}}, {"model": "auth.permission", "pk": 49, "fields": {"name": "Can add quote", "content_type": 13, "codename": "add_quote"}}, {"model": "auth.permission", "pk": 50, "fields": {"name": "Can change quote", "content_type": 13, "codename": "change_quote"}}, {"model": "auth.permission", "pk": 51, "fields": {"name": "Can delete quote", "content_type": 13, "codename": "delete_quote"}}, {"model": "auth.permission", "pk": 52, "fields": {"name": "Can view quote", "content_type": 13, "codename": "view_quote"}}, {"model": "auth.permission", "pk": 53, "fields": {"name": "Can add Imagen", "content_type": 14, "codename": "add_image"}}, {"model": "auth.permission", "pk": 54, "fields": {"name": "Can change Imagen", "content_type": 14, "codename": "change_image"}}, {"model": "auth.permission", "pk": 55, "fields": {"name": "Can delete Imagen", "content_type": 14, "codename": "delete_image"}}, {"model": "auth.permission", "pk": 56, "fields": {"name": "Can view Imagen", "content_type": 14, "codename": "view_image"}}, {"model": "auth.permission", "pk": 57, "fields": {"name": "Can add invoice", "content_type": 15, "codename": "add_invoice"}}, {"model": "auth.permission", "pk": 58, "fields": {"name": "Can change invoice", "content_type": 15, "codename": "change_invoice"}}, {"model": "auth.permission", "pk": 59, "fields": {"name": "Can delete invoice", "content_type": 15, "codename": "delete_invoice"}}, {"model": "auth.permission", "pk": 60, "fields": {"name": "Can view invoice", "content_type": 15, "codename": "view_invoice"}}, {"model": "auth.permission", "pk": 61, "fields": {"name": "Can add Venta", "content_type": 16, "codename": "add_sale"}}, {"model": "auth.permission", "pk": 62, "fields": {"name": "Can change Venta", "content_type": 16, "codename": "change_sale"}}, {"model": "auth.permission", "pk": 63, "fields": {"name": "Can delete Venta", "content_type": 16, "codename": "delete_sale"}}, {"model": "auth.permission", "pk": 64, "fields": {"name": "Can view Venta", "content_type": 16, "codename": "view_sale"}}, {"model": "auth.permission", "pk": 65, "fields": {"name": "Can add Pago", "content_type": 17, "codename": "add_payment"}}, {"model": "auth.permission", "pk": 66, "fields": {"name": "Can change Pago", "content_type": 17, "codename": "change_payment"}}, {"model": "auth.permission", "pk": 67, "fields": {"name": "Can delete Pago", "content_type": 17, "codename": "delete_payment"}}, {"model": "auth.permission", "pk": 68, "fields": {"name": "Can view Pago", "content_type": 17, "codename": "view_payment"}}, {"model": "auth.permission", "pk": 69, "fields": {"name": "Can add Detalle", "content_type": 18, "codename": "add_detail"}}, {"model": "auth.permission", "pk": 70, "fields": {"name": "Can change Detalle", "content_type": 18, "codename": "change_detail"}}, {"model": "auth.permission", "pk": 71, "fields": {"name": "Can delete Detalle", "content_type": 18, "codename": "delete_detail"}}, {"model": "auth.permission", "pk": 72, "fields": {"name": "Can view Detalle", "content_type": 18, "codename": "view_detail"}}, {"model": "auth.permission", "pk": 73, "fields": {"name": "Can add Compra", "content_type": 19, "codename": "add_buy"}}, {"model": "auth.permission", "pk": 74, "fields": {"name": "Can change Compra", "content_type": 19, "codename": "change_buy"}}, {"model": "auth.permission", "pk": 75, "fields": {"name": "Can delete Compra", "content_type": 19, "codename": "delete_buy"}}, {"model": "auth.permission", "pk": 76, "fields": {"name": "Can view Compra", "content_type": 19, "codename": "view_buy"}}, {"model": "auth.permission", "pk": 77, "fields": {"name": "Can add auth token", "content_type": 20, "codename": "add_authtoken"}}, {"model": "auth.permission", "pk": 78, "fields": {"name": "Can change auth token", "content_type": 20, "codename": "change_authtoken"}}, {"model": "auth.permission", "pk": 79, "fields": {"name": "Can delete auth token", "content_type": 20, "codename": "delete_authtoken"}}, {"model": "auth.permission", "pk": 80, "fields": {"name": "Can view auth token", "content_type": 20, "codename": "view_authtoken"}}, {"model": "auth.permission", "pk": 81, "fields": {"name": "Can add Marca", "content_type": 21, "codename": "add_trademark"}}, {"model": "auth.permission", "pk": 82, "fields": {"name": "Can change Marca", "content_type": 21, "codename": "change_trademark"}}, {"model": "auth.permission", "pk": 83, "fields": {"name": "Can delete Marca", "content_type": 21, "codename": "delete_trademark"}}, {"model": "auth.permission", "pk": 84, "fields": {"name": "Can view Marca", "content_type": 21, "codename": "view_trademark"}}, {"model": "user_app.user", "pk": 1, "fields": {"password": "pbkdf2_sha256$150000$G4lge5teaDgk$t3dwR664bOxB7T0J9JH3vvfh9AFcgbLPSVauP8j8bKw=", "last_login": "2020-09-12T02:54:24.396Z", "is_superuser": true, "username": "mdquilindo", "first_name": "", "last_name": "", "email": "mdquilindo@unicauca.edu.co", "is_staff": true, "is_active": true, "date_joined": "2020-09-10T12:22:25Z", "type_id": 1, "type_legal_nature": 1, "personal_id": "1061793073", "cellphone": "0", "telephone": "", "address": "", "neighborhod": "", "country": "CO", "government": "", "city": "", "groups": [], "user_permissions": []}}, {"model": "user_app.user", "pk": 2, "fields": {"password": "pbkdf2_sha256$150000$sxXzjkqLPycX$Hkh9Cm6SvUkF+lIZiLykG5dxB685kEWxin+RNBm5ejI=", "last_login": null, "is_superuser": false, "username": "gpaola", "first_name": "gina paola", "last_name": "caldon joaqui", "email": "", "is_staff": false, "is_active": true, "date_joined": "2020-09-10T12:24:24Z", "type_id": 1, "type_legal_nature": 1, "personal_id": "1061735030", "cellphone": "0", "telephone": "", "address": "", "neighborhod": "", "country": "CO", "government": "", "city": "", "groups": [], "user_permissions": []}}, {"model": "user_app.user", "pk": 3, "fields": {"password": "pbkdf2_sha256$150000$q4uRM5oZmnsR$Bzw6bzkPxglwS2ssPqk+pQXvF0oQ8oWrFTuovArR/F8=", "last_login": null, "is_superuser": false, "username": "disreal_del_cauca_ltda", "first_name": "", "last_name": "", "email": "", "is_staff": false, "is_active": true, "date_joined": "2020-09-10T15:01:06Z", "type_id": 1, "type_legal_nature": 1, "personal_id": "817.004.218-0", "cellphone": "0", "telephone": "8242068", "address": "", "neighborhod": "", "country": "CO", "government": "", "city": "", "groups": [], "user_permissions": []}}, {"model": "user_app.user", "pk": 4, "fields": {"password": "pbkdf2_sha256$150000$Hq0DERVI1mbA$K/ysJHVLDuU11lm71XKs6Y4ix/SAVvRnQqVaomsMIvo=", "last_login": null, "is_superuser": false, "username": "dizfranco_sas", "first_name": "", "last_name": "", "email": "", "is_staff": false, "is_active": true, "date_joined": "2020-09-10T15:02:18Z", "type_id": 4, "type_legal_nature": 2, "personal_id": "901041805-6", "cellphone": "0", "telephone": "8377576", "address": "", "neighborhod": "", "country": "CO", "government": "", "city": "", "groups": [], "user_permissions": []}}, {"model": "user_app.user", "pk": 5, "fields": {"password": "pbkdf2_sha256$150000$XvnfO6kkOpAr$wJFjXe6t8wtQGq8YAEwF286VHfoVVF+G7xODCSzG5nA=", "last_login": null, "is_superuser": false, "username": "distrijass_cia_sas", "first_name": "", "last_name": "", "email": "", "is_staff": false, "is_active": true, "date_joined": "2020-09-10T15:03:54Z", "type_id": 4, "type_legal_nature": 2, "personal_id": "900813768-1", "cellphone": "0", "telephone": "6669335", "address": "", "neighborhod": "", "country": "CO", "government": "", "city": "", "groups": [], "user_permissions": []}}, {"model": "user_app.user", "pk": 6, "fields": {"password": "pbkdf2_sha256$150000$RIHThq4mhfQE$QP6WnoPTNdSzG5czK9ArNGO3hrQPlGy54f2x8DGwVlg=", "last_login": null, "is_superuser": false, "username": "distrimax_del_cauca", "first_name": "", "last_name": "", "email": "", "is_staff": false, "is_active": true, "date_joined": "2020-09-10T15:04:57Z", "type_id": 4, "type_legal_nature": 2, "personal_id": "1059900134-6", "cellphone": "3174721919", "telephone": "", "address": "", "neighborhod": "", "country": "CO", "government": "", "city": "", "groups": [], "user_permissions": []}}, {"model": "user_app.user", "pk": 7, "fields": {"password": "pbkdf2_sha256$150000$f38EXlAq2u60$LRO8w+t8I/P4Jo8vJsNPZe3/hyPMfvuStz7SYuMg9mI=", "last_login": null, "is_superuser": false, "username": "el_competidor", "first_name": "", "last_name": "", "email": "", "is_staff": false, "is_active": true, "date_joined": "2020-09-10T15:06:11Z", "type_id": 4, "type_legal_nature": 2, "personal_id": "0000001", "cellphone": "0", "telephone": "", "address": "", "neighborhod": "", "country": "CO", "government": "", "city": "", "groups": [], "user_permissions": []}}, {"model": "user_app.user", "pk": 8, "fields": {"password": "pbkdf2_sha256$150000$U2mcwV7TfT9P$S59mac3BBoePgDJxL4bazV9EqeIDiYI94ijt8c3YSW0=", "last_login": null, "is_superuser": false, "username": "gillete_andres", "first_name": "", "last_name": "", "email": "", "is_staff": false, "is_active": true, "date_joined": "2020-09-10T15:07:23Z", "type_id": 1, "type_legal_nature": 1, "personal_id": "0000002", "cellphone": "3117994327", "telephone": "", "address": "", "neighborhod": "", "country": "CO", "government": "", "city": "", "groups": [], "user_permissions": []}}, {"model": "user_app.user", "pk": 9, "fields": {"password": "pbkdf2_sha256$150000$FdMYriXRQS8e$DWgdd0q6E/5kJF5UcL84kNYD2agxCI0U9Op4CGWDBjI=", "last_login": null, "is_superuser": false, "username": "tat_distribuciones_del_cauca_sas", "first_name": "", "last_name": "", "email": "", "is_staff": false, "is_active": true, "date_joined": "2020-09-10T15:08:25Z", "type_id": 4, "type_legal_nature": 2, "personal_id": "900796596-8", "cellphone": "3207770470", "telephone": "8333011", "address": "", "neighborhod": "", "country": "CO", "government": "", "city": "", "groups": [], "user_permissions": []}}, {"model": "user_app.user", "pk": 10, "fields": {"password": "pbkdf2_sha256$150000$WpVio3hz97ya$cwag3ZHPkuJk66085VnPEkQUtVEEcY0JD1d+kTyrLuc=", "last_login": null, "is_superuser": false, "username": "yaneth1", "first_name": "", "last_name": "", "email": "", "is_staff": false, "is_active": true, "date_joined": "2020-09-10T15:44:53Z", "type_id": 1, "type_legal_nature": 1, "personal_id": "25286205", "cellphone": "0", "telephone": "", "address": "", "neighborhod": "", "country": "CO", "government": "", "city": "", "groups": [], "user_permissions": []}}, {"model": "user_app.user", "pk": 11, "fields": {"password": "pbkdf2_sha256$150000$E23McdG8gkai$dwGoAH453KBMKOYK7qUKLVzbxGairNHTOEaP0PHNJ10=", "last_login": null, "is_superuser": false, "username": "don_nabor_abastos", "first_name": "", "last_name": "", "email": "", "is_staff": false, "is_active": true, "date_joined": "2020-09-11T01:42:16Z", "type_id": 1, "type_legal_nature": 1, "personal_id": "10542894-1", "cellphone": "0", "telephone": "", "address": "", "neighborhod": "", "country": "CO", "government": "", "city": "", "groups": [], "user_permissions": []}}, {"model": "user_app.user", "pk": 12, "fields": {"password": "pbkdf2_sha256$150000$6b8HAgSUvS39$tiaUFdYCbv1D7UIAlND92uvRU/vB0bGPA/EUmAzuDDo=", "last_login": null, "is_superuser": false, "username": "sr_lavaperros", "first_name": "", "last_name": "", "email": "", "is_staff": false, "is_active": true, "date_joined": "2020-09-11T14:00:32Z", "type_id": 1, "type_legal_nature": 1, "personal_id": "0000003", "cellphone": "0", "telephone": "", "address": "", "neighborhod": "", "country": "CO", "government": "", "city": "", "groups": [], "user_permissions": []}}, {"model": "user_app.user", "pk": 13, "fields": {"password": "pbkdf2_sha256$150000$OHHPozsBJYW9$OBq8puSXAPdDeOtnNLl7rheydLvIcGRT54amV6i/vbI=", "last_login": null, "is_superuser": false, "username": "maritza", "first_name": "", "last_name": "", "email": "", "is_staff": false, "is_active": true, "date_joined": "2020-09-11T17:31:45Z", "type_id": 1, "type_legal_nature": 1, "personal_id": "0000004", "cellphone": "0", "telephone": "", "address": "", "neighborhod": "", "country": "CO", "government": "", "city": "", "groups": [], "user_permissions": []}}, {"model": "user_app.user", "pk": 14, "fields": {"password": "pbkdf2_sha256$150000$GcuY4VVCHqNm$uQH8vLCjI3U9Gyfu7juOH1TJrTYDtcesMMztpAWZnzU=", "last_login": null, "is_superuser": false, "username": "carlos", "first_name": "", "last_name": "", "email": "", "is_staff": false, "is_active": true, "date_joined": "2020-09-11T17:35:55Z", "type_id": 1, "type_legal_nature": 1, "personal_id": "0000005", "cellphone": "0", "telephone": "", "address": "", "neighborhod": "", "country": "CO", "government": "", "city": "", "groups": [], "user_permissions": []}}, {"model": "user_app.client", "pk": 1, "fields": {"user": 10}}, {"model": "user_app.client", "pk": 2, "fields": {"user": 12}}, {"model": "user_app.client", "pk": 3, "fields": {"user": 14}}, {"model": "user_app.client", "pk": 4, "fields": {"user": 13}}, {"model": "user_app.provider", "pk": 1, "fields": {"user": 3}}, {"model": "user_app.provider", "pk": 2, "fields": {"user": 5}}, {"model": "user_app.provider", "pk": 3, "fields": {"user": 6}}, {"model": "user_app.provider", "pk": 4, "fields": {"user": 4}}, {"model": "user_app.provider", "pk": 5, "fields": {"user": 7}}, {"model": "user_app.provider", "pk": 6, "fields": {"user": 8}}, {"model": "user_app.provider", "pk": 7, "fields": {"user": 9}}, {"model": "invoice_app.invoice", "pk": 1, "fields": {"user": null, "type": 1, "reteiva": 0.0, "reteica": 0.0, "retefuente": 0.0, "home_delivery": 0.0, "total": 1600.0, "is_active": true, "date_record": "2020-09-10T14:11:00Z", "date_update": "2020-09-10T14:11:00Z"}}, {"model": "invoice_app.invoice", "pk": 2, "fields": {"user": 9, "type": 1, "reteiva": 0.0, "reteica": 0.0, "retefuente": 0.0, "home_delivery": 0.0, "total": 120367.0, "is_active": true, "date_record": "2020-08-24T15:33:00Z", "date_update": "2020-09-10T15:33:00Z"}}, {"model": "invoice_app.invoice", "pk": 3, "fields": {"user": 10, "type": 1, "reteiva": 0.0, "reteica": 0.0, "retefuente": 0.0, "home_delivery": 0.0, "total": 1500.0, "is_active": true, "date_record": "2020-09-10T15:45:00Z", "date_update": "2020-09-10T15:45:00Z"}}, {"model": "invoice_app.invoice", "pk": 4, "fields": {"user": null, "type": 1, "reteiva": 0.0, "reteica": 0.0, "retefuente": 0.0, "home_delivery": 0.0, "total": 1200.0, "is_active": true, "date_record": "2020-09-10T15:46:00Z", "date_update": "2020-09-10T15:46:00Z"}}, {"model": "invoice_app.invoice", "pk": 5, "fields": {"user": null, "type": 1, "reteiva": 0.0, "reteica": 0.0, "retefuente": 0.0, "home_delivery": 0.0, "total": 5000.0, "is_active": true, "date_record": "2020-09-10T23:43:00Z", "date_update": "2020-09-10T23:43:00Z"}}, {"model": "invoice_app.invoice", "pk": 6, "fields": {"user": null, "type": 1, "reteiva": 0.0, "reteica": 0.0, "retefuente": 0.0, "home_delivery": 0.0, "total": 700.0, "is_active": true, "date_record": "2020-09-11T01:17:00Z", "date_update": "2020-09-11T01:17:00Z"}}, {"model": "invoice_app.invoice", "pk": 7, "fields": {"user": 11, "type": 1, "reteiva": 0.0, "reteica": 0.0, "retefuente": 0.0, "home_delivery": 0.0, "total": 52000.0, "is_active": true, "date_record": "2020-09-08T01:28:00Z", "date_update": "2020-09-11T01:28:00Z"}}, {"model": "invoice_app.invoice", "pk": 9, "fields": {"user": 7, "type": 1, "reteiva": 0.0, "reteica": 0.0, "retefuente": 0.0, "home_delivery": 0.0, "total": 178450.0, "is_active": true, "date_record": "2020-08-21T01:44:00Z", "date_update": "2020-09-11T01:44:00Z"}}, {"model": "invoice_app.invoice", "pk": 10, "fields": {"user": 4, "type": 1, "reteiva": 0.0, "reteica": 0.0, "retefuente": 0.0, "home_delivery": 0.0, "total": 153240.0, "is_active": true, "date_record": "2020-08-22T02:04:00Z", "date_update": "2020-09-11T02:04:00Z"}}, {"model": "invoice_app.invoice", "pk": 11, "fields": {"user": 4, "type": 1, "reteiva": 0.0, "reteica": 0.0, "retefuente": 0.0, "home_delivery": 0.0, "total": 226171.0, "is_active": true, "date_record": "2020-08-29T02:08:00Z", "date_update": "2020-09-11T02:08:00Z"}}, {"model": "invoice_app.invoice", "pk": 12, "fields": {"user": 8, "type": 1, "reteiva": 0.0, "reteica": 0.0, "retefuente": 0.0, "home_delivery": 0.0, "total": 120000.0, "is_active": true, "date_record": "2020-08-21T02:16:00Z", "date_update": "2020-09-11T02:16:00Z"}}, {"model": "invoice_app.invoice", "pk": 13, "fields": {"user": null, "type": 1, "reteiva": 0.0, "reteica": 0.0, "retefuente": 0.0, "home_delivery": 0.0, "total": 2300.0, "is_active": true, "date_record": "2020-09-11T13:12:00Z", "date_update": "2020-09-11T13:12:00Z"}}, {"model": "invoice_app.invoice", "pk": 14, "fields": {"user": 12, "type": 1, "reteiva": 0.0, "reteica": 0.0, "retefuente": 0.0, "home_delivery": 0.0, "total": 9400.0, "is_active": true, "date_record": "2020-09-11T14:10:00Z", "date_update": "2020-09-11T14:10:00Z"}}, {"model": "invoice_app.invoice", "pk": 15, "fields": {"user": 10, "type": 1, "reteiva": 0.0, "reteica": 0.0, "retefuente": 0.0, "home_delivery": 0.0, "total": 1000.0, "is_active": true, "date_record": "2020-09-11T15:28:00Z", "date_update": "2020-09-11T15:28:00Z"}}, {"model": "invoice_app.invoice", "pk": 17, "fields": {"user": null, "type": 1, "reteiva": 0.0, "reteica": 0.0, "retefuente": 0.0, "home_delivery": 0.0, "total": 700.0, "is_active": true, "date_record": "2020-09-11T16:12:00Z", "date_update": "2020-09-11T16:12:00Z"}}, {"model": "invoice_app.invoice", "pk": 18, "fields": {"user": 13, "type": 1, "reteiva": 0.0, "reteica": 0.0, "retefuente": 0.0, "home_delivery": 0.0, "total": 500.0, "is_active": true, "date_record": "2020-09-11T17:38:00Z", "date_update": "2020-09-11T17:38:00Z"}}, {"model": "invoice_app.invoice", "pk": 19, "fields": {"user": 14, "type": 1, "reteiva": 0.0, "reteica": 0.0, "retefuente": 0.0, "home_delivery": 0.0, "total": 17900.0, "is_active": true, "date_record": "2020-09-11T17:38:00Z", "date_update": "2020-09-11T17:38:00Z"}}, {"model": "invoice_app.invoice", "pk": 20, "fields": {"user": 6, "type": 1, "reteiva": 0.0, "reteica": 0.0, "retefuente": 0.0, "home_delivery": 0.0, "total": 252976.0, "is_active": true, "date_record": "2020-08-19T22:30:00Z", "date_update": "2020-09-11T22:30:00Z"}}, {"model": "invoice_app.invoice", "pk": 21, "fields": {"user": 6, "type": 1, "reteiva": 0.0, "reteica": 0.0, "retefuente": 0.0, "home_delivery": 0.0, "total": 306710.0, "is_active": true, "date_record": "2020-08-19T22:30:00Z", "date_update": "2020-09-11T22:30:00Z"}}, {"model": "invoice_app.invoice", "pk": 22, "fields": {"user": 6, "type": 1, "reteiva": 0.0, "reteica": 0.0, "retefuente": 0.0, "home_delivery": 0.0, "total": 230110.0, "is_active": true, "date_record": "2020-08-19T23:03:00Z", "date_update": "2020-09-11T23:03:00Z"}}, {"model": "invoice_app.invoice", "pk": 24, "fields": {"user": 6, "type": 1, "reteiva": 0.0, "reteica": 0.0, "retefuente": 0.0, "home_delivery": 0.0, "total": 106100.0, "is_active": true, "date_record": "2020-08-19T23:03:00Z", "date_update": "2020-09-11T23:03:00Z"}}, {"model": "invoice_app.invoice", "pk": 25, "fields": {"user": 6, "type": 1, "reteiva": 0.0, "reteica": 0.0, "retefuente": 0.0, "home_delivery": 0.0, "total": 135540.0, "is_active": true, "date_record": "2020-08-19T23:03:00Z", "date_update": "2020-09-11T23:03:00Z"}}, {"model": "invoice_app.invoice", "pk": 26, "fields": {"user": 5, "type": 1, "reteiva": 0.0, "reteica": 0.0, "retefuente": 0.0, "home_delivery": 0.0, "total": 230579.96, "is_active": true, "date_record": "2020-08-28T23:44:00Z", "date_update": "2020-09-11T23:44:00Z"}}, {"model": "invoice_app.invoice", "pk": 27, "fields": {"user": 5, "type": 1, "reteiva": 0.0, "reteica": 0.0, "retefuente": 0.0, "home_delivery": 0.0, "total": 0.0, "is_active": true, "date_record": "2020-08-28T23:44:00Z", "date_update": "2020-09-11T23:44:00Z"}}, {"model": "invoice_app.invoice", "pk": 28, "fields": {"user": 9, "type": 1, "reteiva": 0.0, "reteica": 0.0, "retefuente": 0.0, "home_delivery": 0.0, "total": 91572.92, "is_active": true, "date_record": "2020-08-28T00:01:00Z", "date_update": "2020-09-12T00:01:00Z"}}, {"model": "invoice_app.invoice", "pk": 29, "fields": {"user": 3, "type": 1, "reteiva": 0.0, "reteica": 0.0, "retefuente": 0.0, "home_delivery": 0.0, "total": 293450.0, "is_active": true, "date_record": "2020-08-20T00:09:00Z", "date_update": "2020-09-12T00:09:00Z"}}, {"model": "invoice_app.invoice", "pk": 30, "fields": {"user": 3, "type": 1, "reteiva": 0.0, "reteica": 0.0, "retefuente": 0.0, "home_delivery": 0.0, "total": 283505.0, "is_active": true, "date_record": "2020-08-20T00:09:00Z", "date_update": "2020-09-12T00:09:00Z"}}, {"model": "invoice_app.invoice", "pk": 31, "fields": {"user": 3, "type": 1, "reteiva": 0.0, "reteica": 0.0, "retefuente": 0.0, "home_delivery": 0.0, "total": 96442.0, "is_active": true, "date_record": "2020-08-20T00:09:00Z", "date_update": "2020-09-12T00:09:00Z"}}, {"model": "invoice_app.invoice", "pk": 32, "fields": {"user": 3, "type": 1, "reteiva": 0.0, "reteica": 0.0, "retefuente": 0.0, "home_delivery": 0.0, "total": 66302.0, "is_active": true, "date_record": "2020-08-20T00:09:00Z", "date_update": "2020-09-12T00:09:00Z"}}, {"model": "invoice_app.invoice", "pk": 33, "fields": {"user": 3, "type": 1, "reteiva": 0.0, "reteica": 0.0, "retefuente": 0.0, "home_delivery": 0.0, "total": 31550.0, "is_active": true, "date_record": "2020-08-20T00:09:00Z", "date_update": "2020-09-12T00:09:00Z"}}, {"model": "invoice_app.invoice", "pk": 34, "fields": {"user": null, "type": 1, "reteiva": 0.0, "reteica": 0.0, "retefuente": 0.0, "home_delivery": 0.0, "total": 900.0, "is_active": true, "date_record": "2020-09-10T01:29:00Z", "date_update": "2020-09-12T01:29:00Z"}}, {"model": "invoice_app.invoice", "pk": 36, "fields": {"user": null, "type": 1, "reteiva": 0.0, "reteica": 0.0, "retefuente": 0.0, "home_delivery": 0.0, "total": 1400.0, "is_active": true, "date_record": "2020-09-12T01:33:00Z", "date_update": "2020-09-12T01:33:00Z"}}, {"model": "invoice_app.payment", "pk": 1, "fields": {"ref": "10/9/2020 9:11:57", "invoice": 1, "user": null, "type": 1, "total": 0.0, "is_active": true, "date_record": "2020-09-10T14:11:00Z", "date_update": "2020-09-10T14:11:00Z"}}, {"model": "invoice_app.payment", "pk": 2, "fields": {"ref": "9/10/2020, 10:42:45 AM", "invoice": 2, "user": null, "type": 1, "total": 0.0, "is_active": true, "date_record": "2020-08-24T15:33:00Z", "date_update": "2020-09-10T15:33:00Z"}}, {"model": "invoice_app.payment", "pk": 3, "fields": {"ref": "9/10/2020, 10:46:00 AM", "invoice": 3, "user": null, "type": 1, "total": 0.0, "is_active": true, "date_record": "2020-09-10T15:45:00Z", "date_update": "2020-09-10T15:45:00Z"}}, {"model": "invoice_app.payment", "pk": 4, "fields": {"ref": "9/10/2020, 10:46:19 AM", "invoice": 4, "user": null, "type": 1, "total": 0.0, "is_active": true, "date_record": "2020-09-10T15:46:00Z", "date_update": "2020-09-10T15:46:00Z"}}, {"model": "invoice_app.payment", "pk": 5, "fields": {"ref": "10/9/2020 18:43:54", "invoice": 5, "user": null, "type": 1, "total": 0.0, "is_active": true, "date_record": "2020-09-10T23:43:00Z", "date_update": "2020-09-10T23:43:00Z"}}, {"model": "invoice_app.payment", "pk": 6, "fields": {"ref": "9/10/2020, 8:18:03 PM", "invoice": 6, "user": null, "type": 1, "total": 0.0, "is_active": true, "date_record": "2020-09-11T01:17:00Z", "date_update": "2020-09-11T01:17:00Z"}}, {"model": "invoice_app.payment", "pk": 7, "fields": {"ref": "9/10/2020, 8:30:28 PM", "invoice": 7, "user": null, "type": 1, "total": 0.0, "is_active": true, "date_record": "2020-09-08T01:28:00Z", "date_update": "2020-09-11T01:28:00Z"}}, {"model": "invoice_app.payment", "pk": 9, "fields": {"ref": "9/10/2020, 9:01:00 PM", "invoice": 9, "user": null, "type": 1, "total": 0.0, "is_active": true, "date_record": "2020-09-11T01:44:00Z", "date_update": "2020-09-11T01:44:00Z"}}, {"model": "invoice_app.payment", "pk": 10, "fields": {"ref": "9/10/2020, 9:08:03 PM", "invoice": 10, "user": null, "type": 1, "total": 0.0, "is_active": true, "date_record": "2020-08-22T02:04:00Z", "date_update": "2020-09-11T02:04:00Z"}}, {"model": "invoice_app.payment", "pk": 11, "fields": {"ref": "9/10/2020, 9:14:37 PM", "invoice": 11, "user": null, "type": 1, "total": 0.0, "is_active": true, "date_record": "2020-08-29T02:08:00Z", "date_update": "2020-09-11T02:08:00Z"}}, {"model": "invoice_app.payment", "pk": 12, "fields": {"ref": "9/10/2020, 9:19:54 PM", "invoice": 12, "user": null, "type": 1, "total": 0.0, "is_active": true, "date_record": "2020-08-21T02:16:00Z", "date_update": "2020-09-11T02:16:00Z"}}, {"model": "invoice_app.payment", "pk": 13, "fields": {"ref": "9/11/2020, 8:12:29 AM", "invoice": 13, "user": null, "type": 1, "total": 0.0, "is_active": true, "date_record": "2020-09-11T13:12:00Z", "date_update": "2020-09-11T13:12:00Z"}}, {"model": "invoice_app.payment", "pk": 14, "fields": {"ref": "9/11/2020, 9:12:54 AM", "invoice": 14, "user": null, "type": 1, "total": 0.0, "is_active": true, "date_record": "2020-09-11T14:10:00Z", "date_update": "2020-09-11T14:10:00Z"}}, {"model": "invoice_app.payment", "pk": 15, "fields": {"ref": "9/11/2020, 10:28:42 AM", "invoice": 15, "user": null, "type": 1, "total": 0.0, "is_active": true, "date_record": "2020-09-11T15:28:00Z", "date_update": "2020-09-11T15:28:00Z"}}, {"model": "invoice_app.payment", "pk": 17, "fields": {"ref": "9/11/2020, 11:12:49 AM", "invoice": 17, "user": null, "type": 1, "total": 0.0, "is_active": true, "date_record": "2020-09-11T16:12:00Z", "date_update": "2020-09-11T16:12:00Z"}}, {"model": "invoice_app.payment", "pk": 18, "fields": {"ref": "9/11/2020, 12:38:18 PM", "invoice": 18, "user": null, "type": 1, "total": 0.0, "is_active": true, "date_record": "2020-09-11T17:38:00Z", "date_update": "2020-09-11T17:38:00Z"}}, {"model": "invoice_app.payment", "pk": 19, "fields": {"ref": "9/11/2020, 12:39:18 PM", "invoice": 19, "user": null, "type": 1, "total": 0.0, "is_active": true, "date_record": "2020-09-11T17:38:00Z", "date_update": "2020-09-11T17:38:00Z"}}, {"model": "invoice_app.payment", "pk": 20, "fields": {"ref": "9/11/2020, 5:39:03 PM", "invoice": 20, "user": null, "type": 1, "total": 0.0, "is_active": true, "date_record": "2020-08-19T22:30:00Z", "date_update": "2020-09-11T22:30:00Z"}}, {"model": "invoice_app.payment", "pk": 21, "fields": {"ref": "9/11/2020, 5:48:52 PM", "invoice": 21, "user": null, "type": 1, "total": 0.0, "is_active": true, "date_record": "2020-08-19T22:30:00Z", "date_update": "2020-09-11T22:30:00Z"}}, {"model": "invoice_app.payment", "pk": 22, "fields": {"ref": "9/11/2020, 6:20:15 PM", "invoice": 22, "user": null, "type": 1, "total": 0.0, "is_active": true, "date_record": "2020-08-19T23:03:00Z", "date_update": "2020-09-11T23:03:00Z"}}, {"model": "invoice_app.payment", "pk": 24, "fields": {"ref": "9/11/2020, 6:25:51 PM", "invoice": 24, "user": null, "type": 1, "total": 0.0, "is_active": true, "date_record": "2020-08-19T23:03:00Z", "date_update": "2020-09-11T23:03:00Z"}}, {"model": "invoice_app.payment", "pk": 25, "fields": {"ref": "9/11/2020, 6:34:25 PM", "invoice": 25, "user": null, "type": 1, "total": 0.0, "is_active": true, "date_record": "2020-08-19T23:03:00Z", "date_update": "2020-09-11T23:03:00Z"}}, {"model": "invoice_app.payment", "pk": 26, "fields": {"ref": "9/11/2020, 6:52:15 PM", "invoice": 26, "user": null, "type": 1, "total": 0.0, "is_active": true, "date_record": "2020-08-28T23:44:00Z", "date_update": "2020-09-11T23:44:00Z"}}, {"model": "invoice_app.payment", "pk": 27, "fields": {"ref": "9/11/2020, 7:00:15 PM", "invoice": 27, "user": null, "type": 1, "total": 0.0, "is_active": true, "date_record": "2020-08-28T23:44:00Z", "date_update": "2020-09-11T23:44:00Z"}}, {"model": "invoice_app.payment", "pk": 28, "fields": {"ref": "9/11/2020, 7:09:21 PM", "invoice": 28, "user": null, "type": 1, "total": 0.0, "is_active": true, "date_record": "2020-08-28T00:01:00Z", "date_update": "2020-09-12T00:01:00Z"}}, {"model": "invoice_app.payment", "pk": 29, "fields": {"ref": "9/11/2020, 7:26:48 PM", "invoice": 29, "user": null, "type": 1, "total": 0.0, "is_active": true, "date_record": "2020-08-20T00:09:00Z", "date_update": "2020-09-12T00:09:00Z"}}, {"model": "invoice_app.payment", "pk": 30, "fields": {"ref": "9/11/2020, 7:33:52 PM", "invoice": 30, "user": null, "type": 1, "total": 0.0, "is_active": true, "date_record": "2020-08-20T00:09:00Z", "date_update": "2020-09-12T00:09:00Z"}}, {"model": "invoice_app.payment", "pk": 31, "fields": {"ref": "9/11/2020, 7:38:16 PM", "invoice": 31, "user": null, "type": 1, "total": 0.0, "is_active": true, "date_record": "2020-08-20T00:09:00Z", "date_update": "2020-09-12T00:09:00Z"}}, {"model": "invoice_app.payment", "pk": 32, "fields": {"ref": "9/11/2020, 7:40:20 PM", "invoice": 32, "user": null, "type": 1, "total": 0.0, "is_active": true, "date_record": "2020-08-20T00:09:00Z", "date_update": "2020-09-12T00:09:00Z"}}, {"model": "invoice_app.payment", "pk": 33, "fields": {"ref": "9/11/2020, 7:43:16 PM", "invoice": 33, "user": null, "type": 1, "total": 0.0, "is_active": true, "date_record": "2020-08-20T00:09:00Z", "date_update": "2020-09-12T00:09:00Z"}}, {"model": "invoice_app.payment", "pk": 34, "fields": {"ref": "9/11/2020, 8:29:56 PM", "invoice": 34, "user": null, "type": 1, "total": 0.0, "is_active": true, "date_record": "2020-09-11T01:29:00Z", "date_update": "2020-09-12T01:29:00Z"}}, {"model": "invoice_app.payment", "pk": 36, "fields": {"ref": "9/11/2020, 8:33:39 PM", "invoice": 36, "user": null, "type": 1, "total": 0.0, "is_active": true, "date_record": "2020-09-12T01:33:00Z", "date_update": "2020-09-12T01:33:00Z"}}, {"model": "knox.authtoken", "pk": "17939f060251e6d9f6ff0e163900314e11b656838066fbc01d6d16f546ecabc8a0f6c6626fab36a8ab09313e09c0822cc34a052bd466f8f404547acb34ff6ae5", "fields": {"token_key": "5c34fbd7", "salt": "1319e399b0ddcbf5", "user": 2, "created": "2020-09-12T02:49:39.608Z", "expiry": "2020-09-12T12:49:39.608Z"}}, {"model": "knox.authtoken", "pk": "520ae0c396f421cbaf3a5133f8fe4696eb238fbb2c4d579a7c4bee6fd45d3a03dd2556dababa8c3ee751e033fe77dd4350c76d5836fa61d6cef6a21bc6dcaee9", "fields": {"token_key": "65b46b93", "salt": "9506ce98b771b5da", "user": 1, "created": "2020-09-12T02:23:36.412Z", "expiry": "2020-09-12T12:23:36.411Z"}}, {"model": "knox.authtoken", "pk": "618ae0f9ac14d171756dbe1b530b2c14233a7ce0fcd749ea24e68e7bf0a3eba98d429ede21ec017f7452104801df5762e4b45eac25af3edda3294e4d7490819c", "fields": {"token_key": "be755358", "salt": "578f63b437d37308", "user": 1, "created": "2020-09-12T02:50:37.379Z", "expiry": "2020-09-12T12:50:37.379Z"}}, {"model": "knox.authtoken", "pk": "7c6a596f2dc6f73d585241d862964c2450fd80658e8dc23479f257d1cbd8472d3c49eb8d50145d6f0d08544b61c1e689ef8839b412466b3810be38da29e148fe", "fields": {"token_key": "08c0bbe7", "salt": "80c6bcd6d07d67ff", "user": 1, "created": "2020-09-12T01:50:19.712Z", "expiry": "2020-09-12T11:50:19.712Z"}}, {"model": "knox.authtoken", "pk": "9dac134f0dce79bfa14e65e74694fa418456285c103b7c8218713cd9ea09c330ec101f9f8e25bae653bb79f1adc49936cce5fd18ebacd0f50753b79fd9cb7d47", "fields": {"token_key": "39f1bf44", "salt": "82a5f449380f9fc6", "user": 1, "created": "2020-09-12T01:49:56.904Z", "expiry": "2020-09-12T11:49:56.904Z"}}, {"model": "knox.authtoken", "pk": "e719b80471bdfa4a2a87d16e195721bcd12c2e13b7832cd706a0e153e99c62d3571df3986d4082244e71a5b9f8b5632660860d5f551b25a6ca8e3fefdfe8ac3a", "fields": {"token_key": "786e0fd3", "salt": "ff546dfc786c1da3", "user": 1, "created": "2020-09-12T02:09:54.143Z", "expiry": "2020-09-12T12:09:54.143Z"}}, {"model": "admin.logentry", "pk": 1, "fields": {"action_time": "2020-09-10T12:23:58.718Z", "user": 1, "content_type": 6, "object_id": "1", "object_repr": "1061793073 - mdquilindo", "action_flag": 2, "change_message": "[{\"changed\": {\"fields\": [\"personal_id\", \"cellphone\"]}}]"}}, {"model": "admin.logentry", "pk": 2, "fields": {"action_time": "2020-09-10T12:24:24.210Z", "user": 1, "content_type": 6, "object_id": "2", "object_repr": " - gpaola", "action_flag": 1, "change_message": "[{\"added\": {}}]"}}, {"model": "admin.logentry", "pk": 3, "fields": {"action_time": "2020-09-10T12:24:42.377Z", "user": 1, "content_type": 6, "object_id": "2", "object_repr": "1061735030 - gpaola", "action_flag": 2, "change_message": "[{\"changed\": {\"fields\": [\"personal_id\", \"cellphone\"]}}]"}}, {"model": "admin.logentry", "pk": 4, "fields": {"action_time": "2020-09-10T12:24:55.059Z", "user": 1, "content_type": 6, "object_id": "2", "object_repr": "1061735030 - gpaola", "action_flag": 2, "change_message": "[{\"changed\": {\"fields\": [\"first_name\", \"last_name\"]}}]"}}, {"model": "admin.logentry", "pk": 5, "fields": {"action_time": "2020-09-10T15:01:07.038Z", "user": 1, "content_type": 6, "object_id": "3", "object_repr": " - disreal_del_cauca_ltda", "action_flag": 1, "change_message": "[{\"added\": {}}]"}}, {"model": "admin.logentry", "pk": 6, "fields": {"action_time": "2020-09-10T15:01:43.041Z", "user": 1, "content_type": 6, "object_id": "3", "object_repr": "817.004.218-0 - disreal_del_cauca_ltda", "action_flag": 2, "change_message": "[{\"changed\": {\"fields\": [\"personal_id\", \"cellphone\", \"telephone\"]}}]"}}, {"model": "admin.logentry", "pk": 7, "fields": {"action_time": "2020-09-10T15:02:18.461Z", "user": 1, "content_type": 6, "object_id": "4", "object_repr": " - dizfranco_sas", "action_flag": 1, "change_message": "[{\"added\": {}}]"}}, {"model": "admin.logentry", "pk": 8, "fields": {"action_time": "2020-09-10T15:02:50.202Z", "user": 1, "content_type": 6, "object_id": "4", "object_repr": "901041805-6 - dizfranco_sas", "action_flag": 2, "change_message": "[{\"changed\": {\"fields\": [\"type_id\", \"type_legal_nature\", \"personal_id\", \"cellphone\", \"telephone\"]}}]"}}, {"model": "admin.logentry", "pk": 9, "fields": {"action_time": "2020-09-10T15:03:54.149Z", "user": 1, "content_type": 6, "object_id": "5", "object_repr": " - distrijass_cia_sas", "action_flag": 1, "change_message": "[{\"added\": {}}]"}}, {"model": "admin.logentry", "pk": 10, "fields": {"action_time": "2020-09-10T15:04:29.733Z", "user": 1, "content_type": 6, "object_id": "5", "object_repr": "900813768-1 - distrijass_cia_sas", "action_flag": 2, "change_message": "[{\"changed\": {\"fields\": [\"type_id\", \"type_legal_nature\", \"personal_id\", \"cellphone\", \"telephone\"]}}]"}}, {"model": "admin.logentry", "pk": 11, "fields": {"action_time": "2020-09-10T15:04:57.512Z", "user": 1, "content_type": 6, "object_id": "6", "object_repr": " - distrimax_del_cauca", "action_flag": 1, "change_message": "[{\"added\": {}}]"}}, {"model": "admin.logentry", "pk": 12, "fields": {"action_time": "2020-09-10T15:05:33.531Z", "user": 1, "content_type": 6, "object_id": "6", "object_repr": "1059900134-6 - distrimax_del_cauca", "action_flag": 2, "change_message": "[{\"changed\": {\"fields\": [\"type_id\", \"type_legal_nature\", \"personal_id\", \"cellphone\"]}}]"}}, {"model": "admin.logentry", "pk": 13, "fields": {"action_time": "2020-09-10T15:06:11.622Z", "user": 1, "content_type": 6, "object_id": "7", "object_repr": " - el_competidor", "action_flag": 1, "change_message": "[{\"added\": {}}]"}}, {"model": "admin.logentry", "pk": 14, "fields": {"action_time": "2020-09-10T15:06:51.125Z", "user": 1, "content_type": 6, "object_id": "7", "object_repr": "0000001 - el_competidor", "action_flag": 2, "change_message": "[{\"changed\": {\"fields\": [\"type_id\", \"type_legal_nature\", \"personal_id\", \"cellphone\"]}}]"}}, {"model": "admin.logentry", "pk": 15, "fields": {"action_time": "2020-09-10T15:07:23.258Z", "user": 1, "content_type": 6, "object_id": "8", "object_repr": " - gillete_andres", "action_flag": 1, "change_message": "[{\"added\": {}}]"}}, {"model": "admin.logentry", "pk": 16, "fields": {"action_time": "2020-09-10T15:07:45.545Z", "user": 1, "content_type": 6, "object_id": "8", "object_repr": "0000002 - gillete_andres", "action_flag": 2, "change_message": "[{\"changed\": {\"fields\": [\"personal_id\", \"cellphone\"]}}]"}}, {"model": "admin.logentry", "pk": 17, "fields": {"action_time": "2020-09-10T15:08:25.666Z", "user": 1, "content_type": 6, "object_id": "9", "object_repr": " - tat_distribuciones_del_cauca_sas", "action_flag": 1, "change_message": "[{\"added\": {}}]"}}, {"model": "admin.logentry", "pk": 18, "fields": {"action_time": "2020-09-10T15:09:11.802Z", "user": 1, "content_type": 6, "object_id": "9", "object_repr": "900796596-8 - tat_distribuciones_del_cauca_sas", "action_flag": 2, "change_message": "[{\"changed\": {\"fields\": [\"type_id\", \"type_legal_nature\", \"personal_id\", \"cellphone\", \"telephone\"]}}]"}}, {"model": "admin.logentry", "pk": 19, "fields": {"action_time": "2020-09-10T15:09:51.148Z", "user": 1, "content_type": 7, "object_id": "1", "object_repr": "817.004.218-0 - disreal_del_cauca_ltda", "action_flag": 1, "change_message": "[{\"added\": {}}]"}}, {"model": "admin.logentry", "pk": 20, "fields": {"action_time": "2020-09-10T15:09:57.970Z", "user": 1, "content_type": 7, "object_id": "2", "object_repr": "900813768-1 - distrijass_cia_sas", "action_flag": 1, "change_message": "[{\"added\": {}}]"}}, {"model": "admin.logentry", "pk": 21, "fields": {"action_time": "2020-09-10T15:10:00.708Z", "user": 1, "content_type": 7, "object_id": "3", "object_repr": "1059900134-6 - distrimax_del_cauca", "action_flag": 1, "change_message": "[{\"added\": {}}]"}}, {"model": "admin.logentry", "pk": 22, "fields": {"action_time": "2020-09-10T15:10:03.905Z", "user": 1, "content_type": 7, "object_id": "4", "object_repr": "901041805-6 - dizfranco_sas", "action_flag": 1, "change_message": "[{\"added\": {}}]"}}, {"model": "admin.logentry", "pk": 23, "fields": {"action_time": "2020-09-10T15:10:16.472Z", "user": 1, "content_type": 7, "object_id": "5", "object_repr": "0000001 - el_competidor", "action_flag": 1, "change_message": "[{\"added\": {}}]"}}, {"model": "admin.logentry", "pk": 24, "fields": {"action_time": "2020-09-10T15:10:19.250Z", "user": 1, "content_type": 7, "object_id": "6", "object_repr": "0000002 - gillete_andres", "action_flag": 1, "change_message": "[{\"added\": {}}]"}}, {"model": "admin.logentry", "pk": 25, "fields": {"action_time": "2020-09-10T15:14:51.136Z", "user": 1, "content_type": 7, "object_id": "7", "object_repr": "900796596-8 - tat_distribuciones_del_cauca_sas", "action_flag": 1, "change_message": "[{\"added\": {}}]"}}, {"model": "admin.logentry", "pk": 26, "fields": {"action_time": "2020-09-10T15:44:53.820Z", "user": 1, "content_type": 6, "object_id": "10", "object_repr": " - yaneth1", "action_flag": 1, "change_message": "[{\"added\": {}}]"}}, {"model": "admin.logentry", "pk": 27, "fields": {"action_time": "2020-09-10T15:45:10.728Z", "user": 1, "content_type": 6, "object_id": "10", "object_repr": "25286205 - yaneth1", "action_flag": 2, "change_message": "[{\"changed\": {\"fields\": [\"personal_id\", \"cellphone\"]}}]"}}, {"model": "admin.logentry", "pk": 28, "fields": {"action_time": "2020-09-10T15:45:23.334Z", "user": 1, "content_type": 9, "object_id": "1", "object_repr": "25286205 - yaneth1", "action_flag": 1, "change_message": "[{\"added\": {}}]"}}, {"model": "admin.logentry", "pk": 29, "fields": {"action_time": "2020-09-10T15:47:39.871Z", "user": 1, "content_type": 15, "object_id": "3", "object_repr": "[3] 1500.0", "action_flag": 2, "change_message": "[{\"changed\": {\"fields\": [\"user\"]}}]"}}, {"model": "admin.logentry", "pk": 30, "fields": {"action_time": "2020-09-11T01:42:16.991Z", "user": 1, "content_type": 6, "object_id": "11", "object_repr": " - don_nabor_abastos", "action_flag": 1, "change_message": "[{\"added\": {}}]"}}, {"model": "admin.logentry", "pk": 31, "fields": {"action_time": "2020-09-11T01:42:21.188Z", "user": 1, "content_type": 15, "object_id": "7", "object_repr": "[7] 52000.0", "action_flag": 2, "change_message": "[{\"changed\": {\"fields\": [\"user\"]}}]"}}, {"model": "admin.logentry", "pk": 32, "fields": {"action_time": "2020-09-11T01:42:32.456Z", "user": 1, "content_type": 15, "object_id": "8", "object_repr": "[8] 52000.0", "action_flag": 3, "change_message": ""}}, {"model": "admin.logentry", "pk": 33, "fields": {"action_time": "2020-09-11T14:00:17.365Z", "user": 1, "content_type": 6, "object_id": "11", "object_repr": "10542894-1 - don_nabor_abastos", "action_flag": 2, "change_message": "[{\"changed\": {\"fields\": [\"personal_id\", \"cellphone\"]}}]"}}, {"model": "admin.logentry", "pk": 34, "fields": {"action_time": "2020-09-11T14:00:33.100Z", "user": 1, "content_type": 6, "object_id": "12", "object_repr": " - sr_lavaperros", "action_flag": 1, "change_message": "[{\"added\": {}}]"}}, {"model": "admin.logentry", "pk": 35, "fields": {"action_time": "2020-09-11T14:00:45.719Z", "user": 1, "content_type": 6, "object_id": "12", "object_repr": "0000003 - sr_lavaperros", "action_flag": 2, "change_message": "[{\"changed\": {\"fields\": [\"personal_id\", \"cellphone\"]}}]"}}, {"model": "admin.logentry", "pk": 36, "fields": {"action_time": "2020-09-11T14:01:56.166Z", "user": 1, "content_type": 9, "object_id": "2", "object_repr": "0000003 - sr_lavaperros", "action_flag": 1, "change_message": "[{\"added\": {}}]"}}, {"model": "admin.logentry", "pk": 37, "fields": {"action_time": "2020-09-11T14:16:04.749Z", "user": 1, "content_type": 15, "object_id": "14", "object_repr": "[14] 9400.0", "action_flag": 2, "change_message": "[{\"changed\": {\"fields\": [\"user\"]}}]"}}, {"model": "admin.logentry", "pk": 38, "fields": {"action_time": "2020-09-11T14:33:49.822Z", "user": 1, "content_type": 15, "object_id": "9", "object_repr": "[9] 178450.0", "action_flag": 2, "change_message": "[{\"changed\": {\"fields\": [\"date_record\"]}}]"}}, {"model": "admin.logentry", "pk": 39, "fields": {"action_time": "2020-09-11T15:54:56.579Z", "user": 1, "content_type": 15, "object_id": "15", "object_repr": "[15] 1000.0", "action_flag": 2, "change_message": "[{\"changed\": {\"fields\": [\"user\"]}}]"}}, {"model": "admin.logentry", "pk": 40, "fields": {"action_time": "2020-09-11T15:59:32.863Z", "user": 1, "content_type": 15, "object_id": "16", "object_repr": "[16] 1000.0", "action_flag": 3, "change_message": ""}}, {"model": "admin.logentry", "pk": 41, "fields": {"action_time": "2020-09-11T17:31:45.745Z", "user": 1, "content_type": 6, "object_id": "13", "object_repr": " - maritza", "action_flag": 1, "change_message": "[{\"added\": {}}]"}}, {"model": "admin.logentry", "pk": 42, "fields": {"action_time": "2020-09-11T17:32:03.203Z", "user": 1, "content_type": 6, "object_id": "13", "object_repr": "0000004 - maritza", "action_flag": 2, "change_message": "[{\"changed\": {\"fields\": [\"personal_id\", \"cellphone\"]}}]"}}, {"model": "admin.logentry", "pk": 43, "fields": {"action_time": "2020-09-11T17:35:55.170Z", "user": 1, "content_type": 6, "object_id": "14", "object_repr": " - carlos", "action_flag": 1, "change_message": "[{\"added\": {}}]"}}, {"model": "admin.logentry", "pk": 44, "fields": {"action_time": "2020-09-11T17:36:13.965Z", "user": 1, "content_type": 6, "object_id": "14", "object_repr": "0000005 - carlos", "action_flag": 2, "change_message": "[{\"changed\": {\"fields\": [\"personal_id\", \"cellphone\"]}}]"}}, {"model": "admin.logentry", "pk": 45, "fields": {"action_time": "2020-09-11T17:36:27.636Z", "user": 1, "content_type": 9, "object_id": "3", "object_repr": "0000005 - carlos", "action_flag": 1, "change_message": "[{\"added\": {}}]"}}, {"model": "admin.logentry", "pk": 46, "fields": {"action_time": "2020-09-11T17:36:35.300Z", "user": 1, "content_type": 9, "object_id": "4", "object_repr": "0000004 - maritza", "action_flag": 1, "change_message": "[{\"added\": {}}]"}}, {"model": "admin.logentry", "pk": 47, "fields": {"action_time": "2020-09-11T17:40:27.111Z", "user": 1, "content_type": 15, "object_id": "19", "object_repr": "[19] 17900.0", "action_flag": 2, "change_message": "[{\"changed\": {\"fields\": [\"user\"]}}]"}}, {"model": "admin.logentry", "pk": 48, "fields": {"action_time": "2020-09-11T17:40:36.687Z", "user": 1, "content_type": 15, "object_id": "18", "object_repr": "[18] 500.0", "action_flag": 2, "change_message": "[{\"changed\": {\"fields\": [\"user\"]}}]"}}, {"model": "admin.logentry", "pk": 49, "fields": {"action_time": "2020-09-11T23:27:00.056Z", "user": 1, "content_type": 15, "object_id": "23", "object_repr": "[23] 106100.0", "action_flag": 3, "change_message": ""}}, {"model": "admin.logentry", "pk": 50, "fields": {"action_time": "2020-09-12T00:56:28.322Z", "user": 1, "content_type": 12, "object_id": "129", "object_repr": "[129] PAPEL HIG FAMILIA MORADO", "action_flag": 2, "change_message": "[{\"changed\": {\"fields\": [\"stock\"]}}]"}}, {"model": "admin.logentry", "pk": 51, "fields": {"action_time": "2020-09-12T00:57:41.963Z", "user": 1, "content_type": 12, "object_id": "130", "object_repr": "[130] PAPEL HIG FAMILIA ROJO", "action_flag": 2, "change_message": "[{\"changed\": {\"fields\": [\"stock\"]}}]"}}, {"model": "admin.logentry", "pk": 52, "fields": {"action_time": "2020-09-12T01:02:57.833Z", "user": 1, "content_type": 12, "object_id": "49", "object_repr": "[49] FABULOSO PRIMAVERA 200ML", "action_flag": 3, "change_message": ""}}, {"model": "admin.logentry", "pk": 53, "fields": {"action_time": "2020-09-12T01:15:52.564Z", "user": 1, "content_type": 21, "object_id": "90", "object_repr": "PATOJITO", "action_flag": 3, "change_message": ""}}, {"model": "admin.logentry", "pk": 54, "fields": {"action_time": "2020-09-12T01:15:52.571Z", "user": 1, "content_type": 21, "object_id": "89", "object_repr": "SUAVE_GOLD", "action_flag": 3, "change_message": ""}}, {"model": "admin.logentry", "pk": 55, "fields": {"action_time": "2020-09-12T01:15:52.574Z", "user": 1, "content_type": 21, "object_id": "88", "object_repr": "LUBRIDEM", "action_flag": 3, "change_message": ""}}, {"model": "admin.logentry", "pk": 56, "fields": {"action_time": "2020-09-12T01:15:52.579Z", "user": 1, "content_type": 21, "object_id": "87", "object_repr": "SUPREMO", "action_flag": 3, "change_message": ""}}, {"model": "admin.logentry", "pk": 57, "fields": {"action_time": "2020-09-12T01:15:52.586Z", "user": 1, "content_type": 21, "object_id": "86", "object_repr": "LUBRIDEM", "action_flag": 3, "change_message": ""}}, {"model": "admin.logentry", "pk": 58, "fields": {"action_time": "2020-09-12T01:15:52.590Z", "user": 1, "content_type": 21, "object_id": "85", "object_repr": "VANISH", "action_flag": 3, "change_message": ""}}, {"model": "admin.logentry", "pk": 59, "fields": {"action_time": "2020-09-12T01:15:52.596Z", "user": 1, "content_type": 21, "object_id": "84", "object_repr": "VANISH", "action_flag": 3, "change_message": ""}}, {"model": "admin.logentry", "pk": 60, "fields": {"action_time": "2020-09-12T01:15:52.600Z", "user": 1, "content_type": 21, "object_id": "83", "object_repr": "SUPREMO", "action_flag": 3, "change_message": ""}}, {"model": "admin.logentry", "pk": 61, "fields": {"action_time": "2020-09-12T01:15:52.605Z", "user": 1, "content_type": 21, "object_id": "82", "object_repr": "VANISH", "action_flag": 3, "change_message": ""}}, {"model": "admin.logentry", "pk": 62, "fields": {"action_time": "2020-09-12T01:15:52.610Z", "user": 1, "content_type": 21, "object_id": "81", "object_repr": "SUNDOWN", "action_flag": 3, "change_message": ""}}, {"model": "admin.logentry", "pk": 63, "fields": {"action_time": "2020-09-12T01:15:52.617Z", "user": 1, "content_type": 21, "object_id": "80", "object_repr": "VANISH", "action_flag": 3, "change_message": ""}}, {"model": "admin.logentry", "pk": 64, "fields": {"action_time": "2020-09-12T01:15:52.622Z", "user": 1, "content_type": 21, "object_id": "79", "object_repr": "CAREFREE", "action_flag": 3, "change_message": ""}}, {"model": "admin.logentry", "pk": 65, "fields": {"action_time": "2020-09-12T01:15:52.627Z", "user": 1, "content_type": 21, "object_id": "78", "object_repr": "ROSAL", "action_flag": 3, "change_message": ""}}, {"model": "admin.logentry", "pk": 66, "fields": {"action_time": "2020-09-12T01:15:52.633Z", "user": 1, "content_type": 21, "object_id": "77", "object_repr": "ROSAL", "action_flag": 3, "change_message": ""}}, {"model": "admin.logentry", "pk": 67, "fields": {"action_time": "2020-09-12T01:15:52.640Z", "user": 1, "content_type": 21, "object_id": "76", "object_repr": "AROMATEL", "action_flag": 3, "change_message": ""}}, {"model": "admin.logentry", "pk": 68, "fields": {"action_time": "2020-09-12T01:15:52.645Z", "user": 1, "content_type": 21, "object_id": "75", "object_repr": "AROMATEL", "action_flag": 3, "change_message": ""}}, {"model": "admin.logentry", "pk": 69, "fields": {"action_time": "2020-09-12T01:15:52.651Z", "user": 1, "content_type": 21, "object_id": "74", "object_repr": "AROMATEL", "action_flag": 3, "change_message": ""}}, {"model": "admin.logentry", "pk": 70, "fields": {"action_time": "2020-09-12T01:15:52.656Z", "user": 1, "content_type": 21, "object_id": "73", "object_repr": "AROMATEL", "action_flag": 3, "change_message": ""}}, {"model": "admin.logentry", "pk": 71, "fields": {"action_time": "2020-09-12T01:15:52.661Z", "user": 1, "content_type": 21, "object_id": "72", "object_repr": "PURO", "action_flag": 3, "change_message": ""}}, {"model": "admin.logentry", "pk": 72, "fields": {"action_time": "2020-09-12T01:15:52.669Z", "user": 1, "content_type": 21, "object_id": "71", "object_repr": "FAB", "action_flag": 3, "change_message": ""}}, {"model": "admin.logentry", "pk": 73, "fields": {"action_time": "2020-09-12T01:15:52.674Z", "user": 1, "content_type": 21, "object_id": "70", "object_repr": "BARRIGON", "action_flag": 3, "change_message": ""}}, {"model": "admin.logentry", "pk": 74, "fields": {"action_time": "2020-09-12T01:15:52.681Z", "user": 1, "content_type": 21, "object_id": "69", "object_repr": "PURO", "action_flag": 3, "change_message": ""}}, {"model": "admin.logentry", "pk": 75, "fields": {"action_time": "2020-09-12T01:15:52.688Z", "user": 1, "content_type": 21, "object_id": "68", "object_repr": "FAB", "action_flag": 3, "change_message": ""}}, {"model": "admin.logentry", "pk": 76, "fields": {"action_time": "2020-09-12T01:15:52.692Z", "user": 1, "content_type": 21, "object_id": "67", "object_repr": "AROMATEL", "action_flag": 3, "change_message": ""}}, {"model": "admin.logentry", "pk": 77, "fields": {"action_time": "2020-09-12T01:15:52.697Z", "user": 1, "content_type": 21, "object_id": "66", "object_repr": "AROMATEL", "action_flag": 3, "change_message": ""}}, {"model": "admin.logentry", "pk": 78, "fields": {"action_time": "2020-09-12T01:15:52.703Z", "user": 1, "content_type": 21, "object_id": "65", "object_repr": "AROMATEL", "action_flag": 3, "change_message": ""}}, {"model": "admin.logentry", "pk": 79, "fields": {"action_time": "2020-09-12T01:15:52.708Z", "user": 1, "content_type": 21, "object_id": "64", "object_repr": "FAB", "action_flag": 3, "change_message": ""}}, {"model": "admin.logentry", "pk": 80, "fields": {"action_time": "2020-09-12T01:15:52.713Z", "user": 1, "content_type": 21, "object_id": "63", "object_repr": "BARRIGON", "action_flag": 3, "change_message": ""}}, {"model": "admin.logentry", "pk": 81, "fields": {"action_time": "2020-09-12T01:15:52.719Z", "user": 1, "content_type": 21, "object_id": "62", "object_repr": "AROMATEL", "action_flag": 3, "change_message": ""}}, {"model": "admin.logentry", "pk": 82, "fields": {"action_time": "2020-09-12T01:15:52.724Z", "user": 1, "content_type": 21, "object_id": "61", "object_repr": "DERSA", "action_flag": 3, "change_message": ""}}, {"model": "admin.logentry", "pk": 83, "fields": {"action_time": "2020-09-12T01:15:52.728Z", "user": 1, "content_type": 21, "object_id": "60", "object_repr": "DERSA", "action_flag": 3, "change_message": ""}}, {"model": "admin.logentry", "pk": 84, "fields": {"action_time": "2020-09-12T01:15:52.734Z", "user": 1, "content_type": 21, "object_id": "59", "object_repr": "COCO", "action_flag": 3, "change_message": ""}}, {"model": "admin.logentry", "pk": 85, "fields": {"action_time": "2020-09-12T01:15:52.741Z", "user": 1, "content_type": 21, "object_id": "58", "object_repr": "DERSA", "action_flag": 3, "change_message": ""}}, {"model": "admin.logentry", "pk": 86, "fields": {"action_time": "2020-09-12T01:15:52.747Z", "user": 1, "content_type": 21, "object_id": "57", "object_repr": "REXONA", "action_flag": 3, "change_message": ""}}, {"model": "admin.logentry", "pk": 87, "fields": {"action_time": "2020-09-12T01:15:52.753Z", "user": 1, "content_type": 21, "object_id": "56", "object_repr": "DOVE", "action_flag": 3, "change_message": ""}}, {"model": "admin.logentry", "pk": 88, "fields": {"action_time": "2020-09-12T01:15:52.759Z", "user": 1, "content_type": 21, "object_id": "55", "object_repr": "REXONA", "action_flag": 3, "change_message": ""}}, {"model": "admin.logentry", "pk": 89, "fields": {"action_time": "2020-09-12T01:15:52.765Z", "user": 1, "content_type": 21, "object_id": "54", "object_repr": "DOVE", "action_flag": 3, "change_message": ""}}, {"model": "admin.logentry", "pk": 90, "fields": {"action_time": "2020-09-12T01:15:52.771Z", "user": 1, "content_type": 21, "object_id": "53", "object_repr": "VEL_ROSITA", "action_flag": 3, "change_message": ""}}, {"model": "admin.logentry", "pk": 91, "fields": {"action_time": "2020-09-12T01:15:52.777Z", "user": 1, "content_type": 21, "object_id": "52", "object_repr": "COCO", "action_flag": 3, "change_message": ""}}, {"model": "admin.logentry", "pk": 92, "fields": {"action_time": "2020-09-12T01:15:52.784Z", "user": 1, "content_type": 21, "object_id": "51", "object_repr": "DERSA", "action_flag": 3, "change_message": ""}}, {"model": "admin.logentry", "pk": 93, "fields": {"action_time": "2020-09-12T01:15:52.789Z", "user": 1, "content_type": 21, "object_id": "50", "object_repr": "VEL_ROSITA", "action_flag": 3, "change_message": ""}}, {"model": "admin.logentry", "pk": 94, "fields": {"action_time": "2020-09-12T01:15:52.794Z", "user": 1, "content_type": 21, "object_id": "49", "object_repr": "COCO", "action_flag": 3, "change_message": ""}}, {"model": "admin.logentry", "pk": 95, "fields": {"action_time": "2020-09-12T01:15:52.800Z", "user": 1, "content_type": 21, "object_id": "48", "object_repr": "DOVE", "action_flag": 3, "change_message": ""}}, {"model": "admin.logentry", "pk": 96, "fields": {"action_time": "2020-09-12T01:15:52.807Z", "user": 1, "content_type": 21, "object_id": "47", "object_repr": "WINNY", "action_flag": 3, "change_message": ""}}, {"model": "admin.logentry", "pk": 97, "fields": {"action_time": "2020-09-12T01:15:52.812Z", "user": 1, "content_type": 21, "object_id": "46", "object_repr": "ARIEL", "action_flag": 3, "change_message": ""}}, {"model": "admin.logentry", "pk": 98, "fields": {"action_time": "2020-09-12T01:15:52.818Z", "user": 1, "content_type": 21, "object_id": "45", "object_repr": "CLOROX", "action_flag": 3, "change_message": ""}}, {"model": "admin.logentry", "pk": 99, "fields": {"action_time": "2020-09-12T01:15:52.823Z", "user": 1, "content_type": 21, "object_id": "44", "object_repr": "SANPIC", "action_flag": 3, "change_message": ""}}, {"model": "admin.logentry", "pk": 100, "fields": {"action_time": "2020-09-12T01:15:52.830Z", "user": 1, "content_type": 21, "object_id": "43", "object_repr": "ELLAS", "action_flag": 3, "change_message": ""}}, {"model": "admin.logentry", "pk": 101, "fields": {"action_time": "2020-09-12T01:15:52.836Z", "user": 1, "content_type": 21, "object_id": "42", "object_repr": "NALPILUX", "action_flag": 3, "change_message": ""}}, {"model": "admin.logentry", "pk": 102, "fields": {"action_time": "2020-09-12T01:15:52.842Z", "user": 1, "content_type": 21, "object_id": "41", "object_repr": "PANASONIC", "action_flag": 3, "change_message": ""}}, {"model": "admin.logentry", "pk": 103, "fields": {"action_time": "2020-09-12T01:15:52.849Z", "user": 1, "content_type": 21, "object_id": "40", "object_repr": "H&S", "action_flag": 3, "change_message": ""}}, {"model": "admin.logentry", "pk": 104, "fields": {"action_time": "2020-09-12T01:15:52.855Z", "user": 1, "content_type": 21, "object_id": "39", "object_repr": "NOSOTRAS", "action_flag": 3, "change_message": ""}}, {"model": "admin.logentry", "pk": 105, "fields": {"action_time": "2020-09-12T01:15:52.859Z", "user": 1, "content_type": 21, "object_id": "38", "object_repr": "PEQUE\u00d1IN", "action_flag": 3, "change_message": ""}}, {"model": "admin.logentry", "pk": 106, "fields": {"action_time": "2020-09-12T01:15:52.864Z", "user": 1, "content_type": 21, "object_id": "37", "object_repr": "AZULK", "action_flag": 3, "change_message": ""}}, {"model": "admin.logentry", "pk": 107, "fields": {"action_time": "2020-09-12T01:15:52.870Z", "user": 1, "content_type": 21, "object_id": "36", "object_repr": "SUPER_RIEL", "action_flag": 3, "change_message": ""}}, {"model": "admin.logentry", "pk": 108, "fields": {"action_time": "2020-09-12T01:15:52.875Z", "user": 1, "content_type": 21, "object_id": "35", "object_repr": "LAK", "action_flag": 3, "change_message": ""}}, {"model": "admin.logentry", "pk": 109, "fields": {"action_time": "2020-09-12T01:15:52.878Z", "user": 1, "content_type": 21, "object_id": "34", "object_repr": "COCO_N", "action_flag": 3, "change_message": ""}}, {"model": "admin.logentry", "pk": 110, "fields": {"action_time": "2020-09-12T01:15:52.882Z", "user": 1, "content_type": 21, "object_id": "33", "object_repr": "CAREY", "action_flag": 3, "change_message": ""}}, {"model": "admin.logentry", "pk": 111, "fields": {"action_time": "2020-09-12T01:15:52.885Z", "user": 1, "content_type": 21, "object_id": "32", "object_repr": "FAMILIA", "action_flag": 3, "change_message": ""}}, {"model": "admin.logentry", "pk": 112, "fields": {"action_time": "2020-09-12T01:15:52.887Z", "user": 1, "content_type": 21, "object_id": "31", "object_repr": "AK1", "action_flag": 3, "change_message": ""}}, {"model": "admin.logentry", "pk": 113, "fields": {"action_time": "2020-09-12T01:15:52.890Z", "user": 1, "content_type": 21, "object_id": "30", "object_repr": "4K", "action_flag": 3, "change_message": ""}}, {"model": "admin.logentry", "pk": 114, "fields": {"action_time": "2020-09-12T01:15:52.893Z", "user": 1, "content_type": 21, "object_id": "29", "object_repr": "LANDER", "action_flag": 3, "change_message": ""}}, {"model": "admin.logentry", "pk": 115, "fields": {"action_time": "2020-09-12T01:15:52.896Z", "user": 1, "content_type": 21, "object_id": "28", "object_repr": "STAYFREE", "action_flag": 3, "change_message": ""}}, {"model": "admin.logentry", "pk": 116, "fields": {"action_time": "2020-09-12T01:15:52.900Z", "user": 1, "content_type": 21, "object_id": "27", "object_repr": "YODORA", "action_flag": 3, "change_message": ""}}, {"model": "admin.logentry", "pk": 117, "fields": {"action_time": "2020-09-12T01:15:52.903Z", "user": 1, "content_type": 21, "object_id": "26", "object_repr": "PROTEX", "action_flag": 3, "change_message": ""}}, {"model": "admin.logentry", "pk": 118, "fields": {"action_time": "2020-09-12T01:15:52.916Z", "user": 1, "content_type": 21, "object_id": "25", "object_repr": "MARFIL", "action_flag": 3, "change_message": ""}}, {"model": "admin.logentry", "pk": 119, "fields": {"action_time": "2020-09-12T01:15:52.920Z", "user": 1, "content_type": 21, "object_id": "24", "object_repr": "PALMOLIVE", "action_flag": 3, "change_message": ""}}, {"model": "admin.logentry", "pk": 120, "fields": {"action_time": "2020-09-12T01:15:52.923Z", "user": 1, "content_type": 21, "object_id": "23", "object_repr": "REXONA", "action_flag": 3, "change_message": ""}}, {"model": "admin.logentry", "pk": 121, "fields": {"action_time": "2020-09-12T01:15:52.936Z", "user": 1, "content_type": 21, "object_id": "22", "object_repr": "ORAL_B", "action_flag": 3, "change_message": ""}}, {"model": "admin.logentry", "pk": 122, "fields": {"action_time": "2020-09-12T01:15:52.939Z", "user": 1, "content_type": 21, "object_id": "21", "object_repr": "COLGATE", "action_flag": 3, "change_message": ""}}, {"model": "admin.logentry", "pk": 123, "fields": {"action_time": "2020-09-12T01:15:52.943Z", "user": 1, "content_type": 21, "object_id": "20", "object_repr": "SUAVITEL", "action_flag": 3, "change_message": ""}}, {"model": "admin.logentry", "pk": 124, "fields": {"action_time": "2020-09-12T01:15:52.946Z", "user": 1, "content_type": 21, "object_id": "19", "object_repr": "LOZACREAM", "action_flag": 3, "change_message": ""}}, {"model": "admin.logentry", "pk": 125, "fields": {"action_time": "2020-09-12T01:15:52.952Z", "user": 1, "content_type": 21, "object_id": "18", "object_repr": "FABULOSO", "action_flag": 3, "change_message": ""}}, {"model": "admin.logentry", "pk": 126, "fields": {"action_time": "2020-09-12T01:15:52.955Z", "user": 1, "content_type": 21, "object_id": "17", "object_repr": "AXION", "action_flag": 3, "change_message": ""}}, {"model": "admin.logentry", "pk": 127, "fields": {"action_time": "2020-09-12T01:15:52.959Z", "user": 1, "content_type": 21, "object_id": "16", "object_repr": "MIRADO", "action_flag": 3, "change_message": ""}}, {"model": "admin.logentry", "pk": 128, "fields": {"action_time": "2020-09-12T01:15:52.962Z", "user": 1, "content_type": 21, "object_id": "15", "object_repr": "POKER_F", "action_flag": 3, "change_message": ""}}, {"model": "admin.logentry", "pk": 129, "fields": {"action_time": "2020-09-12T01:15:52.966Z", "user": 1, "content_type": 21, "object_id": "14", "object_repr": "DORCO", "action_flag": 3, "change_message": ""}}, {"model": "admin.logentry", "pk": 130, "fields": {"action_time": "2020-09-12T01:15:52.969Z", "user": 1, "content_type": 21, "object_id": "13", "object_repr": "OSA", "action_flag": 3, "change_message": ""}}, {"model": "admin.logentry", "pk": 131, "fields": {"action_time": "2020-09-12T01:15:52.973Z", "user": 1, "content_type": 21, "object_id": "12", "object_repr": "JOHNSON", "action_flag": 3, "change_message": ""}}, {"model": "admin.logentry", "pk": 132, "fields": {"action_time": "2020-09-12T01:15:52.976Z", "user": 1, "content_type": 21, "object_id": "11", "object_repr": "PANTENE", "action_flag": 3, "change_message": ""}}, {"model": "admin.logentry", "pk": 133, "fields": {"action_time": "2020-09-12T01:15:52.979Z", "user": 1, "content_type": 21, "object_id": "10", "object_repr": "LADY_SPEED_STICK", "action_flag": 3, "change_message": ""}}, {"model": "admin.logentry", "pk": 134, "fields": {"action_time": "2020-09-12T01:15:52.983Z", "user": 1, "content_type": 21, "object_id": "9", "object_repr": "GILLETE", "action_flag": 3, "change_message": ""}}, {"model": "admin.logentry", "pk": 135, "fields": {"action_time": "2020-09-12T01:15:52.987Z", "user": 1, "content_type": 21, "object_id": "8", "object_repr": "\"1", "action_flag": 3, "change_message": ""}}, {"model": "admin.logentry", "pk": 136, "fields": {"action_time": "2020-09-12T01:15:52.990Z", "user": 1, "content_type": 21, "object_id": "7", "object_repr": "SMAT", "action_flag": 3, "change_message": ""}}, {"model": "admin.logentry", "pk": 137, "fields": {"action_time": "2020-09-12T01:15:52.993Z", "user": 1, "content_type": 21, "object_id": "6", "object_repr": "BALANCE", "action_flag": 3, "change_message": ""}}, {"model": "admin.logentry", "pk": 138, "fields": {"action_time": "2020-09-12T01:15:52.997Z", "user": 1, "content_type": 21, "object_id": "5", "object_repr": "SPEED_STICK", "action_flag": 3, "change_message": ""}}, {"model": "admin.logentry", "pk": 139, "fields": {"action_time": "2020-09-12T01:15:53.001Z", "user": 1, "content_type": 21, "object_id": "4", "object_repr": "KONZIL", "action_flag": 3, "change_message": ""}}, {"model": "admin.logentry", "pk": 140, "fields": {"action_time": "2020-09-12T01:15:53.004Z", "user": 1, "content_type": 21, "object_id": "3", "object_repr": "COLIBRI", "action_flag": 3, "change_message": ""}}, {"model": "admin.logentry", "pk": 141, "fields": {"action_time": "2020-09-12T01:15:53.008Z", "user": 1, "content_type": 21, "object_id": "2", "object_repr": "NA", "action_flag": 3, "change_message": ""}}, {"model": "admin.logentry", "pk": 142, "fields": {"action_time": "2020-09-12T01:15:53.014Z", "user": 1, "content_type": 21, "object_id": "1", "object_repr": "POKER", "action_flag": 3, "change_message": ""}}, {"model": "admin.logentry", "pk": 143, "fields": {"action_time": "2020-09-12T01:33:04.306Z", "user": 1, "content_type": 15, "object_id": "35", "object_repr": "[35] None 1400.0", "action_flag": 3, "change_message": ""}}, {"model": "admin.logentry", "pk": 144, "fields": {"action_time": "2020-09-12T03:04:58.538Z", "user": 1, "content_type": 15, "object_id": "36", "object_repr": "[36] None 1400.0", "action_flag": 2, "change_message": "[{\"changed\": {\"fields\": [\"date_record\", \"date_update\"]}}]"}}]